이름,우편번호,주소,주소상세,전화번호,이메일
이보람,33835,경상남도 안산시 상록구 서초대58길 151,정식김윤연립,02-5606-2054,mi@example.net
배현지,72520,경기도 안양시 도산대로 575-28,성훈이아파트 E동 501호,051-031-0230,ugim@example.net
김영수,76861,세종특별자치시 서대문구 오금27길 626 (도윤진최읍),지혜최류타운 V동 173호,031-464-5122,jiweon73@example.org
허예지,66189,인천광역시 성북구 영동대49로 941-68 (도윤김리),광수문타운 242호,052-216-9756,wbag@example.net
이재현,11175,전라북도 남양주시 언주로 636,예지김아파트,055-117-5772,ko@example.com
송지훈,77163,대전광역시 서대문구 잠실462길 516-73,수진이이마을,017-666-9831,coecaeweon@example.net
이경수,27420,세종특별자치시 강서구 오금로 796-85,서윤안김타워 C동 296호,016-859-4501,lgweon@example.com
김승현,08988,대구광역시 강북구 삼성가 906 (성진박권면),윤서김타워,018-036-1132,jeongsig32@example.com
손재호,55630,울산광역시 송파구 석촌호수거리 701-58,은정신아파트 684호,055-568-3292,gimyeji@example.net
이현정,90347,경기도 천안시 동남구 오금6가 195-38,민준이이연립,062-479-0739,seosugja@example.org
박지우,84792,전라북도 증평군 양재천786거리 557-5,수민이이타운,055-863-3238,ygim@example.net
허경자,99333,경상북도 고양시 일산동구 강남대78거리 72-8 (준영김읍),서연남강연립,041-340-5106,seonyeong98@example.com
서지혜,51104,전라북도 고양시 일산동구 개포4가 583-21,상현김이타워 017호,010-6663-1955,boram47@example.com
한진호,21649,대구광역시 영등포구 학동가 785 (미숙주리),은경손타워 N동 429호,042-523-2545,heoeunji@example.com
임지현,05058,경기도 과천시 압구정거리 814-14,도윤서홍타워,051-012-0458,mgim@example.net
최우진,45423,광주광역시 노원구 잠실277가 975-89,영환손아파트 C동 586호,051-217-9799,hyeonsug27@example.com
박정훈,16024,대전광역시 강동구 영동대107거리 111,미영권연립 489호,070-8588-4804,egim@example.org
송성현,26629,충청북도 안양시 만안구 백제고분로 지하728 (하윤손강면),영철이아파트 656호,064-718-0464,agim@example.org
윤재호,44504,대전광역시 용산구 학동로 902-92 (민석박김면),진호김조타워,042-977-6142,zseo@example.net
송재현,93301,경기도 김포시 가락로 262 (명자배마을),지은임허타운 030호,032-668-2400,gimminjae@example.org
김현준,50993,부산광역시 동작구 석촌호수거리 지하935 (보람이마을),영길이김연립 933호,018-066-4267,coejia@example.org
김현정,23360,세종특별자치시 강북구 백제고분98거리 924-75,우진류타운 바동 971호,064-726-2179,yeongsungim@example.com
장영순,70086,부산광역시 서초구 선릉거리 783-1 (예지정권리),정순최우마을,010-4680-3055,dgim@example.com
김윤서,87075,충청남도 안양시 만안구 서초중앙7길 지하307 (영길박리),영호김윤연립 905호,018-300-3531,jgim@example.net
양옥순,38633,경상북도 논산시 서초중앙86길 159-63 (성현이동),영일김타워 T동 664호,010-0110-8136,egim@example.net
문영숙,33580,경기도 횡성군 삼성로 94,지후최연립 298호,063-299-4857,ihyeonu@example.org
양정식,64186,경상남도 시흥시 압구정길 169-66,성훈김이연립 708호,054-588-2518,san@example.net
강건우,38663,충청북도 성남시 수정구 서초중앙로 655,영희류엄타워 116호,011-236-8782,bagjeongsu@example.org
김민준,07450,경상남도 안양시 만안구 역삼가 306-66,보람남타운 097호,061-214-0476,seongjin40@example.net
이예준,12578,경상북도 양양군 역삼37거리 지하804,정숙나연립 922호,02-7635-4666,tgim@example.org
최수진,34307,강원도 평창군 석촌호수거리 274-12 (지후김읍),보람박타워 095호,016-827-2167,seongmini@example.com
이수민,81556,인천광역시 성동구 잠실거리 지하151,순자최김빌라 V동 945호,061-077-3402,gimdonghyeon@example.net
신미정,66133,전라남도 용인시 오금64가 461,현지김타워,010-1521-6203,yejungim@example.net
이경자,91266,울산광역시 남구 양재천길 지하116 (서영김리),도현김박타워,070-0963-7486,jihyei@example.com
박지우,08566,경상북도 파주시 선릉44가 67-77,영진이송연립,061-090-0391,eunjeong80@example.org
이준혁,54585,충청북도 아산시 언주1길 208-38,정희강김타운,018-254-0472,mcoe@example.com
박승현,87721,충청북도 계룡시 봉은사7길 28-62,예지안연립 777호,033-936-3400,jeonghun53@example.org
이상호,11827,서울특별시 구로구 서초중앙07길 676,영철홍이빌라,054-654-5687,yeeunhan@example.org
정성민,51451,서울특별시 구로구 삼성길 261 (윤서서박동),현주한타운 247호,054-535-2610,jinseoyeong@example.com
최예진,84016,전라북도 보령시 역삼거리 198-63,정웅권타운 215호,070-7688-7696,jimin00@example.org
황지혜,42685,대구광역시 중랑구 개포로 556,은영이타워 F동 089호,041-569-4376,yeongsugo@example.net
서현준,90133,경기도 하남시 논현710로 520,정웅김박빌라 599호,052-941-7053,bagyejun@example.net
이하윤,36410,광주광역시 동대문구 봉은사4길 353-29 (미정윤리),준호권마을 Q동 184호,031-310-7496,ihayun@example.com
윤상철,05757,경상북도 철원군 개포7거리 64 (지은박오동),상철우타워 Z동 539호,016-625-3219,seoyuni@example.com
이영호,21761,대구광역시 용산구 잠실거리 385-24,민준이노연립 512호,064-769-1550,cmun@example.org
김민준,85011,서울특별시 중구 서초중앙24로 974-69,우진김윤타운,031-565-1450,sonyeongja@example.net
김도현,85155,부산광역시 성북구 봉은사길 628-51 (성훈장면),지우박타운 I동 843호,064-700-5440,seonghungim@example.net
이경희,46060,인천광역시 남구 백제고분18가 906-30,현정김배빌라,062-143-7505,namseoyeong@example.com
최하은,78716,경상남도 안양시 동안구 강남대가 754,건우홍황빌라 377호,017-809-3376,gimjeongung@example.net
배혜진,28534,강원도 영월군 잠실2가 지하742,준서권임타운 885호,053-423-2850,hyeonu80@example.org
강옥순,77261,울산광역시 송파구 테헤란거리 지하403 (건우홍마을),경수최박타워 945동 533호,061-084-6453,mijeonggim@example.org
서지원,29567,경상북도 정선군 학동4거리 460-93 (현주오최면),우진김아파트 나동 271호,032-872-3716,anjihye@example.net
최서준,59197,경상북도 김포시 잠실가 658 (성민오읍),경숙김김마을,041-700-4041,caeweon76@example.net
윤정자,53445,강원도 용인시 기흥구 봉은사06가 366-79 (예진김마을),상훈박아파트,017-470-0687,subinbag@example.com
김예준,77819,전라남도 성남시 중원구 역삼로 415-62 (영철백리),지혜송아파트 306호,010-6037-3060,yeonghyigim@example.com
김정훈,19525,서울특별시 구로구 반포대930거리 823,성진김마을,018-132-0088,tjeong@example.net
이예지,50450,부산광역시 강서구 오금575가 863-65 (민수김김동),상호김박빌라,062-065-9217,acoe@example.net
오영진,55413,부산광역시 영등포구 학동9거리 875-56 (종수홍송동),채원장아파트,032-024-5466,fgim@example.com
정준혁,26871,전라남도 수원시 영통구 역삼거리 422-53 (성훈민리),현숙김빌라 X동 517호,051-131-7878,doyun86@example.com
윤하은,94707,경상북도 양구군 도산대557거리 814-8,경수심이타워 799호,055-214-7117,yeonghwangwag@example.org
박영환,00322,충청북도 의정부시 테헤란거리 359,준호김연립 032호,041-326-5177,miyeong23@example.net
성준서,27094,대구광역시 서구 서초중앙41거리 457 (미숙이김마을),은지이연립 U동 387호,054-227-8763,gimogsun@example.org
박서준,05919,충청남도 청주시 흥덕구 강남대길 749-48,현숙김김빌라 K동 582호,063-195-9778,xbag@example.org
서순옥,55888,부산광역시 강동구 학동668거리 637-79 (경숙안읍),명자황아파트 O동 319호,019-842-7554,pbag@example.net
박미경,10833,전라북도 안산시 단원구 테헤란로 580,정훈이윤빌라 O동 019호,054-964-2246,yeonghyii@example.org
고상호,84234,세종특별자치시 동작구 선릉213가 861-30 (은영황김마을),윤서송김타워 310호,064-704-9431,seongho29@example.net
하지우,31165,부산광역시 금천구 석촌호수가 54,서연한타워 370호,054-799-9907,oi@example.net
한미정,94722,세종특별자치시 도봉구 양재천9가 479-40 (지혜김김면),준영이마을,011-095-5725,jaeho26@example.com
우영순,73269,울산광역시 구로구 서초대로 845-73,진호최박아파트,02-2404-3471,ugim@example.com
심수민,28232,인천광역시 광진구 반포대41로 지하836 (동현이리),성현고김타워,053-512-5048,hgim@example.org
장은지,30520,강원도 부여군 선릉6가 723 (영일김읍),미경김서아파트 V동 543호,052-123-7166,jihu78@example.org
장종수,34400,충청남도 아산시 압구정039가 202-53 (지은문박면),지은이타워 C동 170호,018-878-8072,pi@example.com
최은영,49508,대전광역시 성동구 반포대831길 47 (수진김읍),도윤김이빌라 806호,044-169-0526,gimjiweon@example.com
심지훈,78491,전라북도 보령시 도산대603로 939 (하윤최면),성현안아파트 817호,054-372-9242,sumingim@example.net
이정남,29568,강원도 춘천시 가락609로 195,보람심마을 다동 486호,032-948-5730,sujingim@example.org
황성진,99280,경상남도 평택시 테헤란가 518,영식배빌라,052-962-9287,sgim@example.com
이중수,26499,부산광역시 서초구 선릉06거리 912,현준김아파트 A동 304호,061-477-0621,doyunbae@example.net
박명자,14178,경상북도 부천시 소사구 석촌호수길 323-11,지은김아파트 719호,043-765-5462,gimseunghyeon@example.org
노정수,66714,경상북도 고양시 덕양구 압구정918로 49 (은정한동),광수김최아파트 05동 666호,032-997-1767,gyeongsujo@example.net
최수진,99718,전라북도 부천시 오정구 잠실1거리 663-80 (서준서읍),현정송조마을 105호,043-411-4682,eunjii@example.net
김지영,45797,서울특별시 노원구 백제고분2길 지하132,정숙황마을 195호,053-876-9698,byeongceolgim@example.net
김순옥,69488,부산광역시 송파구 석촌호수길 747-93 (영자이읍),준혁윤이마을 가동 775호,042-049-0896,anam@example.com
이상현,87547,세종특별자치시 강서구 강남대거리 434 (수진성임면),승민허박타운,064-737-3460,ycoe@example.com
이은주,89580,전라남도 부여군 양재천길 지하294,영식고아파트 484호,052-033-2630,sunog79@example.com
이수진,35596,광주광역시 관악구 개포로 632,민수안권타워 781호,042-788-4136,jihu13@example.org
김시우,56021,부산광역시 북구 오금길 637,도현장연립 863호,019-225-7403,jiyeong22@example.com
이준영,71185,경상북도 이천시 테헤란072거리 지하416,민서김허마을,033-218-1151,seonghun89@example.org
배미영,10199,울산광역시 노원구 서초대거리 505-74 (정남이김동),건우박빌라 526호,016-382-9035,isong@example.net
이지훈,94346,대전광역시 동구 압구정길 지하157 (현우최리),재현정강빌라 라동 369호,070-4581-6724,anjaehyeon@example.com
이은영,77057,경상남도 성남시 중원구 백제고분46길 756-98 (은주최리),경희배이마을,053-623-7444,gimhyeonsug@example.org
오서영,54520,광주광역시 노원구 역삼068로 962,주원황김빌라 M동 402호,042-344-0018,misug50@example.com
양현지,80684,경상북도 인제군 역삼로 369 (지은이이리),정호이김타워 R동 108호,019-591-9146,yeweonryu@example.net
이영숙,95632,전라북도 의정부시 선릉가 621-4 (춘자허문마을),병철최마을 D동 109호,053-033-0028,sangho76@example.com
장예준,35480,강원도 안성시 압구정길 48 (종수박마을),준혁박타워 O동 327호,051-702-8235,lgim@example.com
김숙자,51920,울산광역시 관악구 서초중앙가 842-75,정숙김빌라 P동 541호,041-570-4000,seunghyeonyun@example.com
박하은,89007,울산광역시 동대문구 양재천42거리 573 (상훈양동),윤서이권마을 443호,043-006-3001,noseongjin@example.net
문영자,21251,대전광역시 종로구 삼성5로 755-4,수민정김연립,033-605-1682,yeongsuggang@example.org
박유진,15390,광주광역시 남구 도산대8가 850 (승민남엄면),정수양연립,063-795-7104,seohyeon51@example.org
김민준,60671,인천광역시 성북구 논현5길 908-37,지아최연립 857호,011-931-3530,sanghyeon38@example.net
김명숙,34778,충청북도 성남시 분당구 영동대8로 183-3,수진김타운,032-795-9844,sujinhwang@example.org
배정희,16599,경기도 청주시 상당구 언주69로 281-92,영일김타운 가동 394호,032-955-4424,yeongsun65@example.net
김은서,62733,충청남도 춘천시 논현로 348-45 (지후김황마을),민서하연립,031-488-4237,bagminseog@example.net
박준혁,58266,전라남도 서천군 강남대거리 541-51 (영호나면),서현엄타운,055-108-0004,coeyeongmi@example.net
류영철,99889,충청남도 청주시 흥덕구 개포거리 971-57,준영이빌라,019-291-2961,rgim@example.org
백준서,42268,충청남도 홍천군 백제고분가 873,윤서김오빌라,010-0318-6679,jiyeong79@example.net
이진우,38893,전라북도 용인시 봉은사131가 138,서현윤이마을 S동 320호,033-701-3428,coeminseog@example.com
김수민,01442,경기도 논산시 압구정로 481,시우안타운 M동 819호,043-488-9730,omun@example.org
권은서,81474,충청남도 삼척시 가락651거리 145,명자백아파트,033-344-8609,tgim@example.net
김정훈,12079,강원도 옥천군 선릉5로 246 (영수최동),영숙장타운 K동 416호,042-536-8917,junhyeog60@example.com
서은영,84881,울산광역시 송파구 오금가 614 (영순노안동),상호문타운,041-146-5009,ieunjeong@example.org
이시우,97459,서울특별시 중구 논현길 지하997 (은서김리),상호박마을 641호,051-962-7146,byeongceol92@example.net
이영철,95336,인천광역시 송파구 강남대로 289-56 (경수이구면),정웅김김타워 815호,052-187-6645,jiason@example.org
최미정,77859,대구광역시 서대문구 오금701로 731-39,지현박빌라 가동 118호,063-838-8290,gimseoyeong@example.org
최서윤,08383,인천광역시 중구 가락거리 792,미영박타운,063-033-2657,hgim@example.org
박예진,54621,울산광역시 영등포구 개포가 294 (수빈김동),경수손연립 136호,070-7614-8048,qbag@example.org
고서윤,63825,강원도 공주시 압구정6길 364-62 (영일이양리),예준서오타워 F동 846호,070-0235-7439,munmiyeong@example.com
김수진,07999,인천광역시 동대문구 언주06길 678-63 (준혁황리),승현박안빌라,052-280-0559,jinhoyang@example.org
김영자,67832,경기도 안성시 강남대4로 지하940,선영최문아파트 124호,054-988-4714,coejeongja@example.org
박옥자,63971,전라남도 부천시 오정구 선릉43거리 629-44,정수최타운 407호,033-519-3523,sujingim@example.org
류시우,85826,세종특별자치시 강동구 가락369길 421,진우이차타워 867호,053-893-1630,doyunbag@example.com
양혜진,92788,강원도 수원시 권선구 영동대0거리 546-24 (성현주박면),영환이유마을 847호,070-9590-4485,cunja69@example.com
최숙자,53663,경상북도 파주시 영동대길 157-95 (지영김김마을),예은이타운,02-2599-6777,agim@example.com
송혜진,36403,세종특별자치시 도봉구 학동로 지하28 (현우이면),옥순김아파트 J동 213호,02-8671-2301,hayun31@example.net
김승현,52492,제주특별자치도 구리시 강남대3가 지하382,수진김윤타워 N동 957호,031-349-9399,eunyeongi@example.org
김서연,46121,세종특별자치시 노원구 압구정거리 280,하은김타워 U동 598호,02-9498-6705,sugjaha@example.org
김지후,22411,광주광역시 서초구 서초중앙가 730,준호이타워 Y동 118호,032-219-4584,iseoyeon@example.net
황우진,54904,인천광역시 동대문구 반포대09길 513 (수진권한읍),민석장빌라,055-222-4518,sonminjun@example.net
곽현주,56007,충청남도 군포시 양재천가 616-10 (현정김읍),예은문타운 O동 424호,054-883-3990,minjaegweon@example.org
김정순,54534,강원도 수원시 팔달구 테헤란가 590 (영환김박마을),숙자손타워 C동 385호,055-099-3624,sugja25@example.net
박춘자,02678,경상북도 고양시 일산동구 가락길 511-62 (정숙양김동),채원차황연립 423호,02-1865-8260,heogwangsu@example.com
김상현,65875,전라남도 고양시 일산동구 언주가 85-45 (우진정강면),순옥류마을,054-420-3871,naminseo@example.org
김서영,82629,서울특별시 동작구 백제고분길 71-89,영자이박연립 라동 311호,051-884-0911,yeongmibae@example.net
김성진,99672,전라남도 천안시 동남구 영동대713로 947-45 (광수황면),상철박박마을,019-476-1839,ki@example.com
김수빈,23180,강원도 평택시 개포길 16,정자김이아파트 W동 102호,054-743-0691,yejun09@example.net
이지우,27581,부산광역시 도봉구 봉은사602가 100,윤서김타운 654호,052-006-6916,seoyeon68@example.net
서지영,86392,대전광역시 강북구 테헤란9로 416-94 (영숙강마을),서준박아파트 791호,064-706-4247,gimyejin@example.org
김정호,06931,세종특별자치시 강동구 서초대길 333 (상현우리),윤서이박연립 W동 185호,054-635-5838,oi@example.org
박준서,32831,충청북도 괴산군 강남대길 604-66 (순자차이면),예진임백타운,070-7620-2572,agim@example.org
이은경,54694,인천광역시 동작구 논현22가 186,광수박타워,054-695-4598,mgim@example.org
김예원,28702,울산광역시 은평구 강남대4길 705,은지한빌라,053-724-5853,jeongjayang@example.org
김유진,40859,충청남도 옥천군 석촌호수919길 지하235 (은영이강동),수진김빌라 가동 859호,019-391-8944,hyeonjun23@example.net
김경숙,00753,전라북도 보령시 학동가 198,현지김타운,061-584-3324,gimjihye@example.com
장지민,39222,부산광역시 중구 강남대로 816-81,유진정아파트 D동 388호,063-256-8134,uha@example.net
김영길,00331,대구광역시 마포구 서초중앙거리 567,아름박타운 R동 748호,032-329-2738,yeongsu61@example.org
윤정호,90174,대전광역시 용산구 양재천길 559 (종수이황면),지영박이타워,064-710-4785,jaehoseong@example.net
박서연,55323,전라남도 괴산군 테헤란거리 540-24 (예진문김동),영숙송연립 Q동 181호,019-571-2857,minjaegim@example.org
임주원,80092,경상남도 부여군 개포가 188-19 (승민박민읍),정희김주아파트,055-791-2980,rgim@example.org
김현지,84640,경상북도 수원시 권선구 봉은사가 308 (민재이리),영진김우마을 E동 251호,044-853-4095,seonyeongbag@example.net
조정식,95693,제주특별자치도 용인시 압구정1거리 747-37,성현백아파트 L동 853호,063-833-5668,gangjongsu@example.com
안동현,93266,제주특별자치도 포천시 가락791로 지하946 (수빈이면),진호박타운 J동 937호,063-518-3923,hayun30@example.com
최성진,16051,충청북도 서천군 봉은사가 570-28,성현이김타워 K동 150호,053-239-7784,idoyun@example.org
심준호,83701,충청남도 동두천시 선릉길 954,지후윤빌라 B동 159호,033-103-7791,myeongsuggim@example.org
곽정순,79221,충청남도 양주시 영동대가 511-47 (진우고김마을),영진김아파트 라동 216호,010-6400-4899,xbag@example.com
이민재,38014,전라북도 청주시 청원구 백제고분8길 674,성호박연립 D동 523호,051-512-0503,seoyeon56@example.com
박민수,94461,전라남도 화성시 선릉07가 44-63 (준서김읍),현주나타운,062-987-5685,hyejini@example.net
엄성수,30760,전라남도 증평군 석촌호수로 지하669,민재김오아파트 S동 921호,018-184-0786,hyeonjeong25@example.com
최민재,07501,전라남도 평창군 논현4로 94,지후조타워 U동 699호,043-480-9893,yeonghwani@example.org
안채원,58155,인천광역시 관악구 선릉58거리 721 (상훈권김마을),은주심연립 033호,018-593-1335,misug01@example.com
오수민,90633,세종특별자치시 서구 오금81길 893-39,서연구타운 310호,064-717-2324,aryu@example.net
박건우,16720,대전광역시 강동구 오금695길 지하591,영일조타운 613호,055-168-9087,pbag@example.org
이춘자,71545,광주광역시 용산구 가락396길 308-18,명숙손아파트 L동 130호,016-919-0791,mi@example.net
이성민,39766,광주광역시 마포구 잠실가 594 (서준송리),동현홍신빌라 696호,054-061-9284,di@example.org
안상현,84211,충청남도 김포시 잠실거리 428-73,채원조타운 J동 526호,041-819-4302,ogja85@example.org
송준혁,52056,경상남도 성남시 중원구 양재천85로 599 (서연권면),예진안김타워 882호,052-154-6141,cgim@example.org
한민서,92907,경상남도 동해시 역삼192가 717 (미정홍리),재호권타워 F동 931호,02-7613-2584,gyeongja54@example.net
김경수,17686,전라남도 부천시 가락2길 지하220 (예진이리),혜진김빌라 B동 711호,016-926-4540,yeongsug66@example.com
임옥자,41978,울산광역시 강서구 서초대24로 505,아름김박아파트 294호,063-319-2633,munyeonghyi@example.org
문승민,47327,서울특별시 영등포구 오금1가 275-73,수민한손타운,018-105-3250,eunyeong21@example.net
최은서,60946,인천광역시 남구 학동021길 69 (정남이차리),성진오빌라 467호,051-935-3650,coemyeongsug@example.org
윤미정,81982,충청남도 광주시 서초대로 776-14 (지현배주읍),은정하손타워,010-1360-5077,eunyeongbae@example.net
김정남,19353,전라북도 보은군 역삼722길 800,미경송연립 535호,052-931-5996,seojun14@example.com
양병철,64164,충청남도 고성군 개포5거리 209,서현김타운,062-571-3108,caeweon51@example.com
이선영,29923,세종특별자치시 강북구 논현82길 654-54,영수이김빌라,043-710-2099,eunjeong30@example.com
임미경,23380,부산광역시 금천구 역삼36가 212-28,영수김손마을,070-5917-3688,gyeongsug58@example.org
이영미,55150,충청남도 가평군 오금로 845,종수윤강아파트,052-247-5246,ncoe@example.org
박은서,48628,전라남도 고양시 일산서구 역삼거리 지하433,영일권마을 967호,064-715-3568,hayuno@example.org
오예원,85495,제주특별자치도 양구군 논현로 35,영순이성빌라 307호,051-818-0109,iboram@example.com
조현정,17210,경기도 용인시 언주61로 506-31 (시우김마을),준서김최마을 928호,010-3121-8257,ijeongung@example.com
김현준,81038,충청북도 아산시 테헤란779길 952-31,정호배신타워,054-935-7991,ibyeongceol@example.org
박지연,63859,인천광역시 북구 개포가 741-83,시우김연립 525호,016-492-2259,ui@example.org
권지원,54130,광주광역시 노원구 백제고분97길 269-31,현주이마을,064-736-7195,jincaeweon@example.com
김성진,59337,전라남도 홍천군 테헤란787로 606-63 (지원이읍),정훈이윤빌라 925호,011-169-9941,yunseoyun@example.net
이지우,28831,세종특별자치시 도봉구 석촌호수거리 846-88 (민수최박리),춘자김강아파트,011-749-7438,yeonghwangim@example.org
김준호,16114,세종특별자치시 중랑구 압구정16길 965-23,지현김빌라,031-187-9068,yejini@example.com
윤영철,29956,인천광역시 노원구 개포로 913,경자오빌라 X동 171호,062-739-6022,yejibaeg@example.com
김은주,86631,제주특별자치도 정선군 언주935거리 139 (하은김송읍),선영김타운,043-183-5421,byeongceolsong@example.net
주수진,04164,대전광역시 중구 영동대가 203 (은주최이마을),옥순이빌라 490호,043-717-4503,bagyeongsun@example.net
김영길,60144,대전광역시 구로구 서초대로 690 (지현김최읍),미영김김아파트,062-088-7863,jeongung66@example.net
최시우,98805,제주특별자치도 성남시 수정구 개포길 309,미경박김마을 C동 968호,063-172-3355,yeweon31@example.com
이명숙,24867,강원도 안산시 상록구 잠실로 지하707,민석배조아파트,064-791-8143,lgim@example.net
이지원,28827,세종특별자치시 동구 서초중앙가 856 (지훈노김리),민서이김타워 823호,033-319-6605,egweon@example.net
김윤서,30500,울산광역시 노원구 논현068거리 900-80 (정훈양리),지연김타운 174호,051-971-7571,mbag@example.org
김영철,42463,경상남도 안성시 백제고분가 지하235 (성진최김동),하윤김최연립 H동 234호,031-019-6500,minsu18@example.net
김영환,66447,대전광역시 성북구 학동가 319,지아허타운 185호,02-4848-7367,seonyeongbag@example.com
김은서,86815,전라남도 안성시 논현길 628-56 (하은박마을),예은최김연립,031-631-1799,yejibaeg@example.org
조현준,56855,대구광역시 강서구 가락로 628-31 (준혁김읍),영일유아파트 455호,010-7479-4835,songjeongnam@example.net
박영순,82807,경상남도 홍성군 선릉83가 819-83,도현정빌라 136호,062-923-1146,yeonggil57@example.org
장서윤,52313,세종특별자치시 은평구 논현거리 175 (예은우면),민수김연립 308호,018-414-8249,mi@example.net
최현정,98136,부산광역시 중구 학동길 190-40 (지민김동),영호장빌라,052-267-2806,suminheo@example.com
문영진,72734,울산광역시 동구 석촌호수거리 720-44 (은서고김동),명숙김아파트 359호,055-813-3257,sunjai@example.net
권유진,36538,전라남도 수원시 장안구 언주로 983,민서이이아파트 356호,042-988-8567,eunyeong27@example.com
이윤서,35035,인천광역시 강서구 테헤란66가 295,현준최타워 517호,019-318-0979,hyeonsug93@example.net
서영순,12579,충청남도 군포시 오금6거리 지하825 (예준이면),현주이이빌라 108호,02-1241-2034,myeongja62@example.org
한지우,47457,광주광역시 강북구 가락거리 824-17 (지은이김면),영자서타운 426호,061-156-9517,jungsugim@example.net
김미정,19863,인천광역시 강서구 반포대가 지하8,우진양우연립 390호,062-129-8052,seohyeon84@example.com
윤상철,30415,강원도 강릉시 가락거리 915-72 (미경김면),유진황아파트 Y동 849호,043-960-9949,jihye23@example.org
이수빈,38282,전라남도 안양시 동안구 서초대가 805,성훈장박아파트,064-705-3211,ojunseo@example.com
이우진,36310,강원도 양평군 역삼가 지하602,혜진이마을 193호,054-252-9370,hi@example.com
한민석,12820,광주광역시 성북구 봉은사29로 980 (지혜이박동),숙자김연립,055-227-5345,yejuni@example.net
서상현,81497,울산광역시 강동구 개포로 458-29 (성진이이면),미숙김이마을 771호,02-2880-7831,bagogja@example.org
류영환,15081,울산광역시 관악구 개포8로 217-22 (미경홍읍),주원심최타워,064-791-6254,dohyeon04@example.com
강예진,98714,대전광역시 구로구 테헤란65거리 지하861,선영백백마을,010-6652-4152,ryun@example.org
최승현,72547,경상북도 고양시 일산동구 서초대길 914,성수김타운 Q동 920호,017-590-4711,sanghyeon29@example.com
김성훈,02174,광주광역시 구로구 삼성79가 8-47 (아름구읍),예진권유아파트 784호,054-076-0186,junho42@example.net
김진우,04437,경기도 의왕시 양재천거리 지하155,현지이타운 B동 278호,031-736-0940,bagujin@example.net
류보람,56349,경상남도 부여군 역삼98가 706-88 (채원김이읍),명자김이마을 085호,070-1733-5460,yeongja08@example.net
이성진,76292,제주특별자치도 증평군 압구정길 627,혜진최아파트 155호,017-711-0381,sanghyeoncoe@example.net
고현준,34251,충청북도 영월군 삼성로 405 (미정장박면),순옥김아파트 782호,017-848-5563,gimyeongja@example.org
류지영,97974,인천광역시 북구 오금15거리 799,은주윤타운,042-959-2406,ro@example.net
이미숙,06590,울산광역시 도봉구 강남대32가 218-1,성호곽김타워,017-233-0770,ujin92@example.net
문성민,42690,강원도 하남시 양재천69거리 673-71,정희최박아파트 E동 072호,02-2737-6540,lcoe@example.com
김성현,32759,울산광역시 강북구 반포대9로 187 (보람이리),준호주타운,044-686-2775,hyeonjuan@example.com
김정자,32777,충청북도 영월군 삼성9로 247-41 (시우강면),경수이김연립 453호,055-385-2396,abag@example.com
권춘자,77831,경기도 청양군 논현69길 820 (미숙이박동),서영김타운 615호,041-641-7083,hyejin93@example.org
김하윤,86511,부산광역시 영등포구 가락89거리 920-31 (영자김리),영길배마을 483호,032-693-0437,jomyeongsug@example.com
김수빈,20094,전라남도 안양시 만안구 서초중앙로 78-9,경자최한타운 844호,02-2346-9978,gimyeongjin@example.org
김정웅,30524,서울특별시 성동구 역삼51가 18-75 (지연손유면),옥자이이마을,032-735-9478,seonghunu@example.org
김은지,96630,울산광역시 송파구 석촌호수가 934,승현최타워 949호,062-221-5908,pgim@example.net
김진호,21522,경상남도 청주시 흥덕구 서초대12거리 386-57,준서이연립 342호,052-869-5550,hongjihu@example.com
김병철,70072,대구광역시 서구 개포468거리 502,예준강강아파트 E동 254호,064-722-1521,junyeongi@example.com
노은정,89587,대전광역시 강북구 테헤란가 990-49,영진박타운,064-783-6804,yeonghoan@example.net
강정남,36170,경상북도 포천시 석촌호수1가 30 (지혜홍오동),영순김타워 556호,043-833-2702,gyeongja84@example.net
이영호,35210,전라북도 안양시 영동대649길 66,미숙김홍타운 414호,052-579-9740,eunjeonggim@example.com
이영순,46913,세종특별자치시 중구 선릉122길 901,영길김이마을 마동 406호,041-802-7838,goseonghun@example.org
김보람,95063,경상북도 성남시 수정구 선릉가 586,경수권문타운,011-675-2978,eunjeongbag@example.net
이영진,88699,전라남도 부천시 오정구 선릉009길 460-75,예은류노타운 Z동 911호,062-183-8894,jeonsiu@example.com
박경자,07639,인천광역시 성북구 석촌호수785로 720-36,현주김마을 T동 515호,043-588-0112,junho22@example.org
최승현,44229,충청북도 부천시 강남대거리 지하365,지민조연립,017-377-0860,sangceolgim@example.org
최정자,61508,서울특별시 강남구 영동대거리 89-6,민준김주타운 N동 914호,042-451-4744,gimhyeonji@example.net
박성호,09276,충청북도 과천시 오금길 지하547 (재현김마을),서연최오빌라 O동 934호,061-719-9172,sugjao@example.net
김승현,75691,대구광역시 중랑구 서초중앙188거리 121-97 (정수김박동),영철권빌라 622호,010-4843-7656,yeonggilgu@example.net
심민지,68951,울산광역시 성북구 삼성0로 135 (지영홍읍),영식박안아파트,016-681-7286,yunjiweon@example.com
김지아,05282,강원도 정선군 선릉거리 985,영미이이타워 H동 892호,063-819-5328,jo@example.net
김옥자,19044,충청남도 용인시 양재천03로 지하27,영식이빌라,019-960-0730,jihubag@example.net
하영환,64479,울산광역시 구로구 서초중앙1길 440 (지후윤리),미정송빌라 207호,053-875-9566,sangceol00@example.com
김순자,76084,강원도 화성시 잠실길 781-95,영수이마을 O동 977호,051-116-8878,lbaeg@example.com
진상호,73515,서울특별시 중랑구 선릉거리 420-86,현준이빌라,042-181-4110,ggim@example.org
서민석,43956,울산광역시 광진구 오금8로 906,현정김타워,044-758-7648,yeji62@example.com
이지현,50453,울산광역시 구로구 학동거리 847 (도현이김읍),옥순장아파트,032-239-8645,jangjihyeon@example.com
홍지연,18046,제주특별자치도 남양주시 서초대0로 146-9 (진우황권면),숙자김박마을 나동 882호,011-878-1798,ji@example.org
조예원,05091,세종특별자치시 성동구 백제고분가 133 (혜진김박면),도윤김아파트 309호,042-333-9796,cunja42@example.com
이주원,83925,대구광역시 남구 언주8가 818-69 (승민황마을),현지강노마을 138호,061-253-8234,yeongsugan@example.net
박중수,68850,강원도 성남시 삼성로 743-14 (지민김리),영철지이빌라 497호,010-0524-0637,sunjasong@example.net
허현숙,44867,대전광역시 성동구 영동대길 845-49,수빈한강마을,055-671-9415,haeun31@example.com
박동현,54358,경상북도 정선군 언주길 지하966 (재호김이읍),하은권연립 105호,052-771-8610,jieunsin@example.com
이민지,35206,전라남도 고양시 덕양구 개포03로 194-76 (예준김마을),민수이양타운,055-814-2901,minjun46@example.org
오서현,99022,대전광역시 동대문구 양재천781길 680-12,진우박타운,019-172-3637,jeongsuggim@example.net
최영호,30548,광주광역시 관악구 삼성길 881-82 (영진이박면),영일김김타워 724호,02-9583-4261,bagareum@example.net
류성수,24649,대구광역시 중랑구 석촌호수2가 722 (재호김마을),영호이마을,054-055-0680,sunog09@example.com
장유진,46839,강원도 고양시 일산동구 삼성65로 300,정웅김이아파트 011호,032-282-3673,yejihan@example.com
김서윤,77560,서울특별시 도봉구 석촌호수거리 717 (지은김진마을),병철김마을,062-387-5361,minji39@example.net
김영수,54049,충청북도 홍천군 삼성0거리 759 (서영김백면),미숙전아파트 382호,053-854-8587,jihye03@example.net
안하은,73714,부산광역시 강서구 양재천길 110,재현노한아파트,010-8499-0748,ijiyeon@example.org
이경수,94441,서울특별시 동구 선릉가 257,옥순김박연립,017-121-3453,gimcunja@example.net
김보람,63761,제주특별자치도 고양시 압구정거리 966-49,은경류고연립,033-665-5043,hanjeongsug@example.net
김수민,02350,인천광역시 서구 강남대가 31-37,미정송최마을 215호,043-385-1980,junho42@example.com
박정희,91819,세종특별자치시 성동구 영동대5가 399 (숙자이리),재호이엄타워 583호,062-445-1908,hwangjiyeon@example.net
김승민,63775,경기도 영동군 학동7가 471 (현숙이리),시우김박연립,055-967-2263,bagsunja@example.net
김준혁,40869,울산광역시 성동구 테헤란거리 391-24,민수김안타운,062-631-8163,simseonghyeon@example.com
김상훈,90013,전라남도 보은군 반포대068길 608-28,서준박최빌라 201호,032-720-7307,rgweon@example.com
양정남,46465,강원도 청주시 상당구 논현135길 941,영희최타워,044-288-2101,seunghyeongim@example.com
권상철,77805,제주특별자치도 청주시 청원구 서초대로 212,성민김연립,055-356-5148,yeongsig76@example.org
서현지,82679,경상북도 음성군 양재천거리 434,서현문이마을,041-868-2912,nayeweon@example.net
구정웅,87691,충청북도 부여군 논현326길 164-59,윤서이김마을 644호,031-748-4024,oyeongsig@example.org
박민준,85023,부산광역시 중구 압구정거리 330-26,민준장타운,017-493-4310,byeongceolbaeg@example.com
김현주,89082,대전광역시 서초구 테헤란21가 319-74 (영희이동),현주황김연립 W동 037호,052-616-6539,caeweon35@example.org
이상훈,64629,충청북도 부천시 오정구 학동로 184-68 (재호김면),준혁김황마을,051-757-1072,eunseo85@example.com
이서영,53565,전라북도 안양시 동안구 오금0길 896 (시우이구읍),종수김마을 D동 078호,064-749-5183,hanjaeho@example.org
노지민,90519,경상북도 군포시 강남대로 518-36,경희오김아파트 457호,053-599-2527,jeongho99@example.com
양영일,58228,경상남도 진천군 봉은사6거리 395 (윤서김면),정남배김마을 159호,043-185-6464,ieunju@example.net
윤성민,71008,광주광역시 성동구 서초대604거리 555-4,윤서이이연립,051-584-5898,ijeonghun@example.net
이예지,63576,강원도 청양군 개포가 269-62 (순자김김면),민서강이아파트 713호,031-889-9512,minji96@example.net
안지혜,95751,경기도 부천시 영동대거리 915-38 (정호한마을),진우서임마을 B동 742호,061-589-0271,jeongungyun@example.net
배준호,72470,대전광역시 동대문구 오금길 542,영숙윤장타운 677호,011-102-1943,migyeonggim@example.org
이지현,81012,대전광역시 남구 잠실030로 535 (지후이동),은정이김마을 899호,053-172-7063,ai@example.org
서예진,51934,부산광역시 중랑구 오금길 813-36 (명자박황면),현정최이아파트,043-147-0774,egim@example.org
고지원,52985,대전광역시 종로구 반포대493거리 617-42 (영희진김마을),현주김타워 G동 905호,063-887-3996,igyeongsug@example.net
배현우,59589,충청북도 홍천군 가락길 401 (성수우김동),성현김빌라 052호,019-036-1605,sugja53@example.com
노주원,56551,강원도 광주시 오금길 지하271 (민서김박면),지민장이빌라,054-095-5454,yeongmigweon@example.org
엄은정,33871,서울특별시 강동구 양재천4로 174-67,성훈나서연립 842호,061-835-5313,yeongceol48@example.com
류정수,79661,전라남도 가평군 서초대로 지하938 (현지박리),정호최류마을 W동 604호,02-6508-6642,junseo94@example.com
이민재,64970,경상남도 삼척시 역삼거리 977-81,경수이윤아파트 J동 838호,044-145-5461,iyejun@example.net
이현우,54100,부산광역시 양천구 반포대4거리 843 (수진이동),순옥최최마을 628호,018-302-9887,seungminyang@example.org
김옥순,39721,세종특별자치시 동작구 역삼44거리 161 (수빈최읍),정순손이마을,033-967-2910,haeungim@example.org
서지혜,46281,전라남도 태안군 석촌호수07가 764,도현이빌라 022호,031-421-8192,yejinyu@example.net
하영식,60263,부산광역시 중랑구 양재천가 383 (시우임마을),현주박타워 529호,053-435-4143,ogsun82@example.com
서정숙,77261,세종특별자치시 금천구 양재천655거리 518-44 (도윤김마을),서연최타워 570호,032-676-8409,ni@example.net
양정자,93911,부산광역시 양천구 서초중앙1가 995 (춘자신윤리),영식배타워 799호,043-007-3729,jihye46@example.org
이상철,15138,강원도 부천시 오정구 가락9로 784,지민엄김연립 388호,063-352-2094,egim@example.com
구수민,92715,대전광역시 구로구 언주가 409-19 (서영박한리),중수임김타워,061-734-0095,jihyei@example.org
박경수,43772,부산광역시 서구 가락969거리 지하591,상훈이서연립 P동 648호,016-798-9575,gimcunja@example.com
박예준,69231,제주특별자치도 동해시 백제고분가 310,지연곽빌라 790호,02-9441-1427,gimseongjin@example.net
조시우,87230,충청북도 남양주시 서초대로 12-82,도윤최이연립 라동 214호,063-484-4493,egim@example.net
김병철,00109,충청남도 의정부시 개포34가 2-55 (지은한이마을),순옥서이마을 R동 627호,051-916-5837,jinhosim@example.net
송수민,36306,부산광역시 노원구 삼성278거리 619-71 (경숙박김리),정순박김아파트 J동 631호,070-4889-3149,jimingim@example.org
강성민,87555,광주광역시 동구 서초중앙로 295,시우김연립 703호,062-881-9894,jiahwang@example.org
권보람,97738,대전광역시 용산구 강남대로 665,은지정배빌라 751호,052-606-6780,caseongsu@example.org
허승현,69858,전라북도 영동군 역삼거리 지하91,영철김고타워,055-541-3490,ki@example.org
이정수,42793,전라남도 청양군 양재천거리 818,재현김김타운 R동 469호,041-770-8714,jhong@example.org
이지후,72321,제주특별자치도 홍천군 잠실로 58 (명숙한배동),정자진송연립 150호,016-099-3921,ayun@example.org
이준호,81687,울산광역시 강남구 오금4거리 208 (영호남읍),하은박우타워 Y동 118호,016-091-1326,si@example.org
문정수,94243,경상북도 옥천군 서초중앙92가 236-58,영환김이마을 F동 921호,055-699-1828,coegyeongsu@example.org
김상철,07601,대전광역시 금천구 석촌호수2거리 484-94,성현김서타워 412호,02-9029-0880,wyun@example.net
김정식,06532,경상남도 금산군 백제고분길 112-70 (지연박노읍),승현윤박연립 A동 864호,043-693-1460,areumi@example.org
허정수,39051,경기도 안산시 상록구 양재천7거리 116 (선영이마을),현준김빌라 W동 177호,052-319-5162,yuneunjeong@example.com
김준혁,68973,대구광역시 남구 언주로 731-32 (순옥김한리),재호권연립 340호,044-308-6194,seunghyeon37@example.net
나지후,25135,광주광역시 광진구 강남대69로 665 (재현김읍),지연배마을 710호,011-806-0890,jeongja61@example.org
오예준,45104,전라남도 평창군 서초대로 743 (예지김이마을),보람이마을 036호,010-3165-7247,eunyeong01@example.com
민영진,04910,전라북도 천안시 서북구 영동대3가 893-67 (서영박동),승현이마을 가동 564호,064-790-4281,pbaeg@example.net
이현정,18940,충청북도 서천군 강남대길 675-92 (영환황읍),지원김연립 다동 954호,043-799-1752,gangjiweon@example.com
이명자,59746,광주광역시 강동구 반포대가 897 (정남이읍),유진이연립,042-745-7700,keom@example.com
김정식,84216,대전광역시 은평구 삼성거리 지하523,성민최타워,011-661-8215,gangjihye@example.org
박아름,18286,경상북도 옥천군 서초중앙962가 58 (미경주이면),성호최타워 816호,043-813-9338,cnam@example.com
최도윤,49125,충청남도 논산시 봉은사10로 209-22,중수황허타워 223호,010-8824-2030,seongsu25@example.net
서준서,93350,경상남도 동해시 테헤란거리 543-82 (현주이리),지훈송아파트,010-5752-5965,ri@example.com
김민재,62178,세종특별자치시 서대문구 서초중앙10로 778-14 (정자지김마을),현지최타워 M동 921호,011-980-7845,hyeonugim@example.com
백성현,60907,대전광역시 금천구 테헤란거리 지하32,순자이김아파트,041-763-4897,vmun@example.net
김재현,10819,전라북도 안성시 언주9거리 407-83,경희황마을 O동 717호,051-267-0192,syun@example.net
김영호,58704,충청남도 양구군 선릉23거리 705 (승민오읍),현우김타워 나동 949호,031-339-9116,bagogja@example.net
최영진,03821,광주광역시 송파구 가락1거리 396-64 (준호황면),영숙최조타운 610호,051-675-8189,jiweoni@example.net
구성진,32863,충청북도 옥천군 언주길 325,정호남빌라 433호,062-363-9085,jeongsug21@example.net
김준서,20975,서울특별시 강북구 테헤란7가 815,현지배유연립 K동 079호,052-581-2325,yeongsuggim@example.net
이지영,40174,광주광역시 성동구 가락059길 606-67 (지훈송동),경자노이연립 879호,051-850-1692,hyang@example.org
윤성호,95299,경상북도 부천시 오정구 개포556길 145,유진이조타운 629호,02-9182-1972,minyeonghyi@example.org
박순자,06532,충청남도 포천시 오금길 462,선영김이마을,016-467-0509,jihuno@example.net
최영희,65257,강원도 철원군 백제고분62로 지하11 (건우남박리),서준윤김마을 737호,055-043-4836,junho16@example.net
김민석,07467,대전광역시 서구 서초중앙836로 112,민준박김타워 X동 580호,016-378-2166,jeongsu87@example.org
김정자,53840,전라북도 청주시 상당구 서초중앙043로 지하77,정웅김김연립 194호,031-372-6244,yeongceol56@example.org
이재현,66323,인천광역시 서초구 오금거리 643 (민지박읍),영호박홍타워 008호,017-789-4685,xi@example.com
권상훈,74833,경상남도 성남시 중원구 도산대거리 945-70 (예준이읍),영식한박빌라,017-927-4677,hayeongsu@example.net
문수빈,85844,세종특별자치시 금천구 언주거리 지하235 (주원김면),예은이이타워,063-075-6572,hacaeweon@example.org
김민서,18873,대구광역시 서초구 영동대길 493,예준김연립,031-929-2189,ibag@example.org
안보람,04765,서울특별시 동대문구 백제고분5거리 17-60,도현김최마을,033-861-7621,jeongho08@example.net
윤성현,17743,울산광역시 강북구 테헤란로 300,은영손한타운 Z동 372호,02-6520-5462,ogja60@example.com
김미영,53009,울산광역시 노원구 강남대7가 지하337 (지원황마을),진호최김연립,019-703-6116,fgim@example.com
차영길,25768,세종특별자치시 강동구 논현837길 873 (동현김김동),숙자박김아파트,063-999-8568,jongsu35@example.com
김유진,94130,충청북도 천안시 서북구 잠실18가 351 (은경장읍),병철이양빌라,032-430-7617,seongmingim@example.net
심정웅,16717,인천광역시 송파구 도산대가 247-94 (혜진이마을),영호김빌라,070-1129-8278,bagmisug@example.org
신수빈,08219,광주광역시 도봉구 강남대거리 703-94 (성현최김마을),재호최마을 T동 192호,032-377-6829,seongminu@example.org
이성호,62282,충청북도 제천시 서초중앙2가 지하662,정남김박빌라 N동 538호,055-098-4731,myeongsug62@example.com
이은지,79548,전라남도 과천시 석촌호수229길 지하357,미정장연립,033-639-8801,misugi@example.org
안미영,34763,대구광역시 강동구 학동거리 460 (옥순손리),명자이양아파트 303호,051-009-8287,yeongceoljang@example.com
김경수,85191,충청북도 고양시 언주길 234,승현장아파트 799동 043호,055-777-2147,baggyeongsug@example.com
배윤서,93786,서울특별시 북구 서초중앙로 지하140,은주안이타운,010-3284-4145,yunseo67@example.com
이영식,45474,울산광역시 서초구 가락가 61 (지혜장윤동),영길박연립,041-496-4948,junyeong46@example.org
이종수,24718,세종특별자치시 북구 가락로 554-84,예진김타워,044-752-6791,sugjagim@example.org
이영자,94441,대구광역시 동대문구 삼성635가 지하621,예지이배타운 190호,061-988-0381,eunyeong62@example.org
김수빈,56751,서울특별시 구로구 언주0로 981,수민박타운,041-286-2962,gimyeongjin@example.org
이민준,71752,부산광역시 금천구 삼성가 140-83 (정식김김리),진호김하아파트 G동 205호,042-402-3813,hayunhan@example.com
최은주,50819,인천광역시 동구 반포대로 54,서현김이타운,044-006-9880,gimyeongceol@example.net
문하은,64977,전라북도 제천시 삼성1길 52,혜진김아파트 라동 402호,042-764-4926,jihun42@example.net
김지원,71737,서울특별시 도봉구 반포대가 859-58,유진김백타워 527호,010-4990-7311,jangjuweon@example.org
김민지,28134,인천광역시 남구 양재천14가 651,정웅안타워 B동 090호,02-8243-7783,yejingim@example.com
허민준,49002,경상남도 당진시 압구정649로 919-37,지영엄최빌라 V동 757호,042-663-3672,ygim@example.com
안정남,18529,부산광역시 성동구 압구정거리 532-30,예지이타워,044-702-0046,sonjihye@example.org
김준서,59357,울산광역시 서대문구 강남대로 463,도윤박이빌라 394호,017-252-4825,djang@example.com
구미숙,45402,광주광역시 중랑구 역삼거리 638-23 (민수이김마을),정남장타워 바동 157호,031-660-5581,minseo63@example.net
조시우,37376,강원도 보은군 삼성거리 228,순자김아파트 O동 358호,02-8402-4654,gimsangho@example.com
김중수,06968,경상남도 단양군 서초중앙로 54 (진호이이리),재현김아파트 N동 975호,062-122-2609,iseoyeong@example.org
안유진,72871,울산광역시 중구 압구정18로 지하267 (정순박면),재현김아파트,055-916-5534,bagsanghun@example.com
송성호,58515,충청북도 당진시 테헤란597거리 224 (숙자송김면),민지김문아파트 X동 429호,042-173-2946,subinnam@example.com
이민석,43653,전라북도 고양시 테헤란거리 267 (현숙이면),옥순박타워 F동 199호,064-740-5179,gimdoyun@example.com
박미경,32756,강원도 부천시 오정구 역삼가 520-43 (도윤권김리),경숙이안타운 615호,063-148-1432,gimseongsu@example.net
장영미,50503,세종특별자치시 노원구 양재천길 609-43,재현유류마을,041-011-7831,myeongjai@example.net
류지영,04204,세종특별자치시 강남구 서초중앙74로 303,영진지마을 419호,017-095-7674,gimyeongho@example.org
강정웅,15585,제주특별자치도 음성군 삼성4가 957-50,민지김마을 L동 854호,032-086-5318,najia@example.com
강준서,94278,경기도 연천군 양재천로 414-73,민서최김빌라 마동 714호,031-241-1825,seoyun89@example.org
한경수,08059,경기도 이천시 압구정로 255 (예은양읍),중수최빌라,010-4630-7212,gimyeongsig@example.org
최선영,78582,대구광역시 남구 서초중앙길 665,서준강연립,055-873-7516,hyeonsug25@example.com
이정남,48599,강원도 광명시 오금거리 53-29,현지최오빌라,063-305-9121,gimjeongja@example.net
김민지,54710,제주특별자치도 정선군 석촌호수로 791-80,경숙이송타운,055-990-6810,eunseo30@example.org
최성현,40256,충청북도 청주시 청원구 개포가 69-12,현숙이박마을,033-459-3729,gimyeongjin@example.org
김옥순,82898,광주광역시 구로구 반포대6길 485,숙자최타운 182호,02-1315-2735,yejun76@example.net
한서연,09764,세종특별자치시 동대문구 오금로 지하595,민석홍마을,052-795-0151,ogsuni@example.org
김아름,27186,인천광역시 금천구 봉은사76로 989-14 (경숙김면),현준손빌라 291호,02-9388-2736,yunseogim@example.com
차도현,00575,세종특별자치시 종로구 봉은사2로 457-25,옥자나마을,055-347-1857,seoyeong29@example.org
이서영,21598,전라남도 안양시 만안구 영동대거리 841-97 (정수최마을),지원김연립 마동 410호,064-725-5423,haeungim@example.org
류명자,25578,울산광역시 광진구 양재천거리 455-24,정자신아파트,055-649-2556,junhyeog99@example.org
김은서,84222,대구광역시 영등포구 석촌호수84거리 530-29,하윤이아파트 S동 500호,010-8377-6144,jeonghungim@example.com
김광수,77290,전라남도 성남시 중원구 서초대6길 800-34 (미영박마을),상철황하타운 D동 908호,031-389-7683,whan@example.org
김지민,06446,경기도 의정부시 역삼길 26 (준서김이마을),춘자이타워 B동 350호,063-998-5473,ugim@example.com
김예지,33140,경상북도 군포시 영동대로 지하844,우진권배아파트 869호,017-634-5836,juweongu@example.net
장영수,18864,충청북도 춘천시 석촌호수4가 580-93,순옥김마을 마동 860호,032-727-9330,minseog31@example.org
김하윤,92150,충청북도 오산시 논현06거리 지하807 (상철김리),명숙김고타운 883호,016-304-6503,jongsu99@example.com
이지원,00824,부산광역시 강동구 강남대728가 지하662 (채원박동),경수이이타워 H동 958호,054-069-1045,areumgim@example.com
문정순,45164,부산광역시 강서구 서초대49거리 273-46,미숙김김타운,055-438-4992,ou@example.net
문진우,35902,강원도 동해시 서초대거리 308-59 (경자강황리),지훈이문아파트 884호,011-374-1395,gimmiyeong@example.org
이미경,53706,전라북도 성남시 중원구 테헤란328가 645,민준서타워 671호,062-697-3037,jiweon32@example.net
이정웅,42607,경상남도 안산시 강남대가 38,수진김성타워 K동 684호,053-523-5407,jeongungseo@example.net
박정수,75179,대구광역시 서초구 영동대6로 266-43 (현주최마을),현주윤마을 나동 260호,010-2342-6830,gyeongsui@example.net
심미정,57423,광주광역시 관악구 서초중앙로 393 (준서이김마을),하은김아파트 G동 381호,017-545-5766,yeongsug86@example.com
이민지,10052,제주특별자치도 하남시 테헤란601거리 370,성민이고아파트 Y동 509호,070-4227-6612,gimyeongsug@example.com
이정자,25836,충청북도 오산시 서초대길 279-46,채원강연립 093호,033-856-9612,gimsunog@example.com
한정웅,77547,충청남도 부천시 양재천거리 855-48,은지김강빌라 U동 549호,016-899-6982,chwang@example.com
최영호,80448,세종특별자치시 강서구 봉은사로 13-32 (미숙강김면),영철박타운 마동 493호,063-919-4367,eseo@example.org
박지우,00313,충청북도 영월군 테헤란65로 634-25 (선영조이마을),미숙전빌라 L동 463호,055-108-7193,ean@example.com
조은주,58125,경상북도 고양시 일산서구 백제고분길 지하352 (민지임면),순자박하마을 244호,041-124-3321,iseoyun@example.com
김영진,58594,전라남도 고양시 덕양구 압구정6거리 729-12 (영환최읍),현준구장타운 695호,018-007-6752,jiminbaeg@example.org
박준서,18803,경기도 충주시 학동522가 589 (정순주김동),예은김김타워 E동 451호,053-606-5480,yejunhan@example.com
서윤서,37175,대구광역시 금천구 학동거리 918-93,서영김윤아파트 262호,063-637-8577,gimjinu@example.org
정민석,78363,대구광역시 강남구 강남대거리 지하198 (서준이박동),시우김이연립,031-053-1521,minjungweon@example.org
조춘자,68246,제주특별자치도 파주시 석촌호수08로 566-4,영자권타워 나동 944호,064-753-1865,bagboram@example.org
윤정자,06110,경기도 과천시 석촌호수거리 686 (민석박배리),아름이빌라 524호,018-439-2046,iyeongsig@example.net
김옥자,25871,대전광역시 종로구 테헤란가 714,중수김이빌라 063호,018-207-0063,siu56@example.net
이영철,04728,인천광역시 서구 서초중앙395로 163 (순옥안리),현우최아파트,064-745-6136,bgim@example.net
이우진,16303,경기도 안산시 양재천348거리 896,보람지빌라,019-546-8182,anminjae@example.com
정준영,16606,경상북도 파주시 가락4거리 912-44 (승민이장리),하윤김신빌라,055-687-8963,idoyun@example.org
이광수,27124,충청남도 고양시 일산서구 테헤란0가 503-8 (영식한마을),민지이빌라,054-573-2787,shwang@example.net
송윤서,07086,인천광역시 강서구 논현64길 249-98,도윤송남연립,054-305-7519,dgim@example.org
박동현,27132,울산광역시 성북구 영동대727거리 지하679 (민준이조읍),서현이마을 F동 756호,017-914-1967,jeonghun58@example.com
이현숙,89464,대구광역시 구로구 반포대길 714,재현박장타운,017-763-5754,sanghoi@example.org
김민재,62709,경상남도 용인시 기흥구 선릉46길 561-82 (영진박조읍),수빈이김아파트,02-7283-1259,gyeonghyi99@example.com
이정숙,95905,충청남도 청주시 흥덕구 언주1가 15 (준혁손마을),정훈김타워 662호,02-4472-3410,jeongjayun@example.org
황지혜,26073,경기도 고양시 일산동구 서초중앙가 848-73,은정김마을 Y동 836호,062-498-0039,gimseongmin@example.org
김민재,88493,전라남도 수원시 장안구 잠실608거리 131-27,명자조아파트 351호,052-677-9150,imun@example.com
이건우,17814,제주특별자치도 횡성군 반포대거리 351,정자황빌라,042-614-5441,gyeonghyi90@example.com
김은경,00900,인천광역시 서초구 역삼3로 284-45 (은지문읍),서준안양연립,061-289-8616,baeeunyeong@example.com
송영식,66384,제주특별자치도 안성시 역삼길 262,종수황서빌라 564호,054-834-2439,ihyejin@example.com
김상철,55800,부산광역시 마포구 오금15로 968 (은영임읍),지후이타워 라동 928호,033-599-4012,seojun36@example.net
이경수,32748,서울특별시 서대문구 삼성로 183,수민김마을 805호,064-718-4363,siu96@example.com
진민석,51925,서울특별시 은평구 논현799로 236-12 (아름안이마을),정웅구아파트 905호,061-130-7611,sunjagim@example.net
백현숙,84266,경상북도 영동군 삼성거리 522-63,은주김이연립 615호,052-960-3473,dgim@example.net
오영자,96151,세종특별자치시 중구 논현004거리 839,지훈김마을 881호,044-674-8443,yeonghyibag@example.net
임건우,34056,울산광역시 도봉구 개포로 217,시우김김타워 G동 572호,053-162-9862,subin42@example.net
권예은,93524,광주광역시 서초구 언주거리 730 (보람양이읍),윤서강김마을,011-644-8145,ugim@example.net
이명자,24215,경상북도 삼척시 백제고분41길 지하524 (명자양리),동현이이타워,02-3152-3505,juweon03@example.org
김도윤,58645,충청북도 춘천시 압구정111거리 538-86 (도현이동),영순김아파트,044-300-5171,eungyeong19@example.com
이서준,64907,울산광역시 송파구 압구정02가 321-68 (현준이류리),현정구이타운 S동 979호,052-330-8278,kbag@example.net
권옥자,65011,경기도 부천시 원미구 역삼48길 448,승민김한타워 02동 510호,043-060-7672,miyeongi@example.net
이성민,06911,강원도 양주시 논현64로 303 (수진하김동),재현김연립 384호,011-445-0053,ogim@example.net
김지후,11219,경상남도 인제군 압구정길 858 (성진나이마을),지영홍장빌라 390호,033-537-5938,bagyeonghyi@example.org
최상훈,71070,대구광역시 종로구 선릉거리 101-2,성호신박타워,070-1997-8967,dhong@example.net
이지연,19937,광주광역시 은평구 서초중앙길 526,은지박이아파트 D동 527호,033-745-8648,yujin37@example.net
우영미,24279,전라북도 양구군 양재천87가 550,순옥한최타운 라동 061호,041-612-9507,igyeonghyi@example.net
서준혁,38509,세종특별자치시 영등포구 역삼가 167-94,현지이홍빌라 322호,063-923-5420,gimseungmin@example.net
김선영,31632,경상북도 가평군 서초대가 393,은영김빌라,061-037-2725,hyeonjeonggim@example.com
이현숙,39682,인천광역시 관악구 잠실길 118,순옥박타워 908호,052-891-1210,leom@example.org
김미영,04278,세종특별자치시 종로구 양재천로 70-92,영환유김빌라,054-624-9531,hayun45@example.net
손준영,15310,대구광역시 노원구 양재천로 지하207 (진호강진읍),진호김김연립,031-071-5189,hyeonjuni@example.org
고지훈,66795,인천광역시 양천구 백제고분길 762,윤서심마을 G동 996호,016-037-0617,ogsunnam@example.org
김승현,60844,세종특별자치시 서초구 백제고분81로 784-53 (옥자문김리),옥순장마을 989호,063-837-5709,najiu@example.org
김정호,49079,부산광역시 성북구 영동대거리 75-8,준영김빌라 C동 218호,031-266-5494,iseoyeon@example.org
김동현,19709,충청북도 가평군 언주길 지하298,준호김전빌라 O동 284호,032-250-4224,yi@example.net
이미경,79622,충청남도 청주시 서원구 가락가 325 (경숙이동),민석고빌라,041-570-5853,hyeonjiryu@example.org
김은지,32119,전라남도 연천군 테헤란거리 954-32 (성훈한동),준혁김한아파트 482호,064-749-8811,jungsu38@example.net
이예은,64067,경기도 안산시 단원구 서초대거리 387-51,정웅김타운,019-036-5720,jaehyeonhong@example.com
문채원,60644,세종특별자치시 강서구 봉은사5거리 975,지연안박마을 N동 326호,061-561-1679,gangseongho@example.org
박지훈,66326,세종특별자치시 중랑구 봉은사로 15-13,정남김빌라 X동 772호,052-294-1765,coejeongsu@example.org
박민지,31587,경상북도 양주시 역삼거리 634-88,진우최타운,032-221-6189,hongjeongsu@example.net
박혜진,64110,대전광역시 관악구 선릉966거리 12 (정호박김읍),지원차이마을 588호,043-831-0686,sugja04@example.com
손정식,26622,대전광역시 남구 반포대로 600,준혁이이빌라 Q동 527호,017-941-8283,ygim@example.net
이정식,17187,강원도 안산시 봉은사3가 지하243,정훈김타워,051-538-1178,xgim@example.com
이영환,52778,대구광역시 광진구 서초대길 805-74,은지김마을 657호,02-1714-2761,jiyeongil@example.org
박성호,11089,광주광역시 광진구 강남대거리 78,정자이타운,054-432-1746,ijunseo@example.net
서선영,70950,전라북도 수원시 권선구 역삼길 171 (상훈박동),은주김김타워 308호,019-121-6682,gimdoyun@example.net
이아름,55993,경기도 의정부시 언주07거리 555-4,지영김최타워,053-825-5683,tbag@example.org
최미숙,12970,대전광역시 남구 논현길 68 (보람장이읍),영자지이연립 588호,041-135-8058,yeeun06@example.net
강경희,87933,부산광역시 용산구 개포1길 721-25 (영숙김김면),미영오아파트,062-887-3362,seoyeongim@example.com
윤영수,37010,전라남도 인제군 선릉09거리 814 (영진박읍),하윤양김타워 921호,070-9712-0819,yejun41@example.net
김영희,76588,세종특별자치시 양천구 도산대거리 514 (하은김읍),경수김김타워 723호,017-693-3273,yeongil48@example.com
박지원,57035,강원도 홍천군 가락가 201,서영이연립,019-035-4553,bagdoyun@example.org
김지우,75069,강원도 구리시 강남대5거리 560,춘자안연립,055-590-9691,jungsui@example.com
전명숙,92202,광주광역시 구로구 잠실길 211 (재호고박면),성수김아파트 B동 769호,031-511-7505,songsunog@example.org
김지혜,44110,대구광역시 중구 오금길 309,우진김이타워,011-462-8491,wmin@example.net
서채원,10718,광주광역시 중구 가락가 773,영자강손타워 205호,063-482-2020,hyeonjiryu@example.org
장지아,76576,광주광역시 동구 테헤란0거리 535 (현주최리),영환한이타운,011-472-7912,donghyeonan@example.net
권명자,41313,서울특별시 용산구 도산대178로 734,민준최빌라 169호,043-063-4083,minji66@example.net
고경숙,77035,경상남도 예산군 반포대거리 874,경자강타운 830호,055-782-2730,jeongja98@example.com
류숙자,47274,충청남도 수원시 서초대5로 698 (준혁구고읍),하윤김윤연립,070-0725-3708,gimeunju@example.com
노상훈,86029,부산광역시 성동구 언주로 113-67 (성현허마을),주원조최마을 431동 404호,061-770-7089,jeongungbag@example.com
김명자,75146,경상북도 청양군 양재천로 지하676 (서현박박리),미영류박아파트 262호,053-688-3464,hansanghun@example.org
고민지,00926,부산광역시 마포구 개포거리 715-27 (유진서강리),춘자최연립 R동 056호,02-4553-7366,donghyeon02@example.com
박채원,08283,부산광역시 강서구 학동2길 89,병철김정마을 358호,070-8586-5453,jaehyeonhong@example.net
한성진,81179,경상남도 당진시 잠실4로 744 (아름문김동),정자강타워 C동 145호,017-408-4108,eunji80@example.net
김선영,67185,전라남도 연천군 잠실로 659 (하윤김동),예은정연립,051-401-4083,yunmiyeong@example.org
홍윤서,74096,광주광역시 송파구 석촌호수가 331 (지민이김리),예지김연립 000호,018-397-7336,coehyeonji@example.org
김현주,94497,전라남도 용인시 처인구 압구정거리 지하429 (종수이마을),성훈하김타운 H동 814호,063-425-2288,seongsu25@example.org
박영숙,28835,대전광역시 종로구 잠실9가 지하789,은지최류마을,061-062-1012,gimyeongsun@example.org
강우진,54789,경상남도 괴산군 언주거리 423 (영호김이마을),예지김박마을 K동 452호,063-806-3325,yeweon14@example.org
김중수,67934,광주광역시 남구 논현가 509-24 (상훈강장리),민재오아파트 G동 799호,062-332-1195,seunghyeon83@example.net
김재호,97143,충청남도 청양군 영동대가 623,상철김타운 327호,033-217-0468,seonghungim@example.com
장정웅,21700,인천광역시 동구 양재천길 983,준혁이이아파트 D동 588호,011-556-0377,egweon@example.org
양영수,47728,경상남도 안양시 만안구 개포거리 543,주원이타워,011-269-6063,byeongceol28@example.net
김민준,11936,세종특별자치시 마포구 봉은사61길 지하358 (민지김면),상호김아파트 284호,017-850-0209,qsin@example.net
서성민,87636,세종특별자치시 중구 삼성28가 935,은경손김연립,064-773-8301,sanghyeon93@example.net
이상철,88208,부산광역시 송파구 선릉길 677 (예준이면),은지박타운 O동 974호,043-850-1727,gimjiyeong@example.com
박정순,68144,부산광역시 동대문구 오금7로 647 (영일최한면),은서김박마을 R동 034호,053-071-0246,yunseo92@example.net
김경희,27071,전라북도 안성시 강남대03가 998-9,예준서허마을 857호,064-711-4396,ubae@example.org
김준호,32081,제주특별자치도 보은군 백제고분로 지하145,서윤이아파트 030호,02-3667-1181,gimogja@example.net
강지후,40390,경기도 청양군 역삼73로 615-3 (지현홍허읍),명숙오타운 947호,053-601-6678,bbag@example.com
신예진,59869,인천광역시 노원구 테헤란길 963 (예준고면),은서박빌라 O동 345호,064-722-9622,bagogja@example.com
김예은,60053,울산광역시 서대문구 개포거리 821 (성훈박오읍),예진한마을,032-541-0564,jihye06@example.com
오미정,65869,전라북도 이천시 학동로 353,영일김김빌라 756호,02-6378-9147,minseohan@example.com
김미숙,06615,경상북도 부천시 압구정거리 879 (서윤남동),중수홍권타워 692호,018-251-1664,qgim@example.org
이승민,99913,대전광역시 성동구 백제고분28길 607-98,현주김타운 047호,070-6943-3867,ii@example.com
김미경,79763,경상남도 성남시 분당구 양재천6가 893,정수송타운 157호,02-5656-3533,eunjeongcoe@example.com
김정순,44379,경상남도 보은군 테헤란740길 240 (지민김강면),영자김타운,062-182-0792,jihubag@example.com
문승현,26220,충청남도 보령시 백제고분626길 377-30,우진백양빌라 바동 377호,031-035-7778,gbag@example.com
김상호,86744,울산광역시 동대문구 양재천가 457-57 (현숙박면),영자장김타워 226호,044-607-2901,fgim@example.com
김서현,91868,강원도 가평군 반포대로 19,중수김이마을,061-077-8497,goseojun@example.net
박민재,87238,광주광역시 마포구 학동12가 515-81,선영김타워 869호,054-027-3590,tyun@example.com
이지원,08449,경상남도 여주시 언주로 650-36,지민이윤타워 019호,010-4585-3167,seonyeong98@example.net
강상현,88391,전라남도 성남시 봉은사7거리 지하441 (현정김읍),지원허박타운,064-727-3984,yunseohwang@example.com
이지영,14803,울산광역시 양천구 서초중앙7길 781 (정식오하마을),상철양김빌라 458호,063-674-2699,seongminjang@example.com
이준서,33827,강원도 시흥시 테헤란589로 690-71 (서영이마을),지현허이아파트 584호,053-792-5572,hwangminsu@example.com
김상철,57438,전라북도 양주시 서초대거리 352,채원이아파트 604호,043-440-7281,hwangdoyun@example.net
최민서,32285,제주특별자치도 이천시 석촌호수거리 740-23 (지현황김읍),경희윤박연립,032-970-9855,hongeunseo@example.org
차중수,69267,전라북도 속초시 학동50거리 지하548 (지우김읍),민수최박마을 597호,010-8957-0270,seongmin62@example.net
강준혁,13395,전라남도 홍천군 오금92거리 925 (승현이읍),진우이안빌라 E동 481호,042-421-5866,vi@example.org
문지현,67276,제주특별자치도 증평군 양재천로 318 (경숙김권읍),영희최김타워,051-422-4049,sanghojang@example.org
오윤서,92733,충청북도 동해시 논현00가 206,은서김이타워 127호,016-053-6661,minjun55@example.net
김승현,86765,전라북도 충주시 언주가 178 (성호박강동),시우김아파트 00동 757호,054-512-5761,seojun02@example.org
이현정,17245,전라북도 시흥시 개포로 134-24 (재현최김마을),예진강김마을 Q동 251호,054-629-0786,heodonghyeon@example.com
손민서,25475,부산광역시 동대문구 석촌호수로 168-22 (정숙김안면),민준김연립,010-0023-6782,jeongsuggim@example.net
박성현,85881,충청남도 태안군 서초대0가 449-6 (성수김장리),숙자윤타워 B동 187호,032-823-8823,ngim@example.net
김성훈,14246,충청북도 의왕시 양재천16로 510-47,진호조박빌라 L동 402호,054-000-8510,ihaeun@example.com
윤영순,09980,부산광역시 중랑구 잠실389거리 453-82,미정김오마을 610호,062-485-3149,gimseoyun@example.net
황지아,09691,전라남도 하남시 오금로 145,하은권최타워 404호,016-544-5244,jimin96@example.net
김시우,89726,울산광역시 마포구 삼성260길 390 (선영김읍),건우최타운 K동 439호,043-236-7005,ghwang@example.org
박지영,38325,인천광역시 마포구 선릉27길 194,현지김박연립,061-958-2110,hyeonsug61@example.com
김지현,50234,세종특별자치시 마포구 강남대657가 177-64 (영희박읍),건우이김아파트,032-515-7344,jeongsun13@example.com
윤서현,92777,부산광역시 도봉구 테헤란8길 292 (성진강동),상호문홍빌라 552호,051-545-1706,gi@example.org
전진우,52762,울산광역시 동구 삼성394거리 156,영순이연립,042-484-6546,sanghyeon71@example.net
김상철,24289,전라남도 태백시 도산대52로 991-42,은영김마을,055-946-0968,jeongjagim@example.net
서준호,77598,충청북도 여주시 테헤란31가 478-49,지훈오김아파트,011-514-2981,boram17@example.net
최예원,12508,충청남도 수원시 권선구 서초대9길 101 (서준이동),정식안민타워,062-905-2084,wgim@example.org
장은서,47727,부산광역시 도봉구 서초중앙가 598-23 (경희전마을),지영김마을 I동 021호,070-4029-2514,jeongsig96@example.org
강중수,33750,대구광역시 강동구 서초중앙길 491-23 (정호서김면),하윤이빌라,052-791-9123,minjun74@example.com
최영희,53367,울산광역시 성북구 논현764길 491-69 (영철김읍),지우김연립 533호,054-468-2497,gimjeongsu@example.net
박영호,32983,인천광역시 영등포구 도산대길 125 (서연김리),지혜문김빌라 726호,055-963-2049,li@example.net
김현숙,54191,대전광역시 강동구 잠실50가 527 (지원양이읍),지후김김연립 마동 104호,018-790-5048,boram95@example.org
김미경,99324,경상북도 수원시 영통구 개포1거리 547-61,지민윤아파트 K동 054호,062-124-5002,juweon48@example.net
장윤서,69874,대구광역시 강북구 도산대81로 680 (준영정읍),정희이타운 304호,032-661-9198,yeongsugjo@example.org
김서영,44505,경상남도 화천군 언주로 536-55 (민재문동),준호이마을,017-299-0412,baggwangsu@example.org
이영희,43396,전라남도 동두천시 오금거리 458 (명숙김동),영일양연립 497호,018-591-5342,iminseog@example.net
정광수,30055,광주광역시 중랑구 양재천0로 28 (동현김최리),영미이윤타워 763호,02-7226-0699,seoyeoni@example.net
황영자,93485,대전광역시 강북구 반포대688거리 243 (지민김면),민수류아파트 532호,018-296-2007,haseonghun@example.net
박영일,63578,세종특별자치시 광진구 반포대거리 319-91 (미숙김면),성수진연립,063-285-6741,migyeongji@example.net
김정수,19395,전라북도 충주시 개포417로 지하100 (수민오면),아름김아파트 L동 105호,031-259-3586,egang@example.com
이상호,13691,세종특별자치시 강남구 도산대121길 20,현주김안타운,053-107-4604,hongminji@example.net
강현준,47316,대구광역시 송파구 역삼길 지하593,주원김타운 916호,018-392-3723,ujinseo@example.org
고영진,17554,서울특별시 용산구 삼성1길 58 (은정오김마을),현준최연립 273호,062-077-2712,hanjinu@example.org
김영철,99839,전라남도 부천시 원미구 양재천92거리 261-14,민서이연립 Z동 744호,016-388-7715,gimgyeonghyi@example.net
이옥순,27246,세종특별자치시 강남구 언주길 362-79 (영길김면),영순장조연립 가동 720호,016-603-5539,dsin@example.com
최민석,48201,대전광역시 노원구 양재천59길 지하373 (상철박마을),현우김이연립 S동 384호,010-0485-3074,yeongja32@example.com
진은영,19963,부산광역시 성동구 도산대가 683,성진김최빌라,044-681-4788,zjang@example.org
진미정,53757,경상북도 구리시 양재천98로 108,지은박서연립 C동 715호,053-160-2229,seonyeongbag@example.org
박준혁,68837,경상북도 부천시 논현9거리 130-90 (명숙이이동),수민이타운 021호,043-475-8271,si@example.net
이정식,51858,충청남도 수원시 장안구 잠실가 397 (영철김우리),동현황최아파트 R동 482호,062-371-0335,pbag@example.net
손민석,84502,울산광역시 노원구 압구정길 361 (지은최읍),서준안타운,064-758-5148,minsubag@example.com
김은영,09251,대구광역시 서초구 오금56길 717-44 (민석최면),승현김빌라,011-458-5955,si@example.org
박영일,71625,인천광역시 강북구 테헤란로 434-88 (은주조리),상훈김이빌라 O동 459호,064-755-0492,gangyeongsu@example.net
송민석,82918,경기도 용인시 수지구 논현길 562 (영자홍마을),채원김한빌라 Q동 035호,044-408-4997,donghyeon38@example.net
송현우,14522,대구광역시 종로구 가락3로 659-77 (서현김동),예진김연립 나동 709호,041-575-0908,bagdohyeon@example.com
이명숙,32782,세종특별자치시 도봉구 삼성가 348 (지후김리),영숙이빌라,032-598-8997,jeongsungweon@example.org
한은정,87296,경기도 청주시 흥덕구 학동로 지하614,수민나아파트 490호,064-759-0359,seogyeongsug@example.org
김영수,11309,전라남도 안성시 석촌호수85로 312-95,경희구김아파트 P동 391호,032-201-5053,mijeongi@example.com
장민석,28455,부산광역시 강북구 삼성로 956,경숙권최마을 N동 421호,011-276-8698,vgim@example.org
조영식,48218,서울특별시 동구 도산대길 563-48 (중수김면),민준안이마을 마동 033호,053-280-4127,isanghyeon@example.net
이영길,02479,대전광역시 은평구 가락길 지하901,동현류이아파트 U동 600호,042-330-9860,jieun46@example.com
오성수,81604,울산광역시 남구 학동1길 295,영환김아파트,064-795-3345,chwang@example.org
이진우,19115,부산광역시 용산구 논현로 지하416 (민지김문리),민수황아파트,064-759-5650,jeongsigo@example.com
이옥순,81115,서울특별시 송파구 삼성거리 353,준호강빌라 라동 761호,070-3541-4204,igyeongsu@example.org
민준호,51534,부산광역시 동대문구 테헤란거리 789-93,서연홍타워 337호,016-563-4738,gyeongsuggim@example.org
전명숙,22210,부산광역시 북구 삼성2로 430 (재호김김읍),승민장타워 518호,053-671-8189,ijiyeong@example.org
김재호,00816,인천광역시 성북구 봉은사거리 824-56 (광수김주리),예준김서빌라 158호,052-343-0009,psim@example.org
권수진,24360,경상남도 공주시 논현418가 619 (옥순이면),영철박주마을 Q동 135호,010-7198-4437,gimseojun@example.org
이수진,83472,광주광역시 영등포구 개포053거리 98-36,재호이백타운 183호,033-416-6569,yeongmiyang@example.net
김병철,26663,인천광역시 광진구 도산대거리 933-98 (경자강마을),성수박마을 543호,032-699-3716,miyeongbag@example.org
강순자,57755,경기도 안양시 학동가 853,지영김남연립 782호,016-528-3214,coeyeongja@example.com
이정수,05913,울산광역시 강북구 영동대6길 492 (동현고동),상현오전마을 475호,033-573-4022,areumgwag@example.org
윤미영,38462,제주특별자치도 당진시 반포대89길 391-43 (시우서이읍),우진안아파트,070-0296-0121,hanmiyeong@example.com
김성호,33004,울산광역시 마포구 압구정9길 290,성호김김아파트 V동 325호,018-715-8748,una@example.net
손은지,03326,제주특별자치도 수원시 영통구 강남대가 227 (영길나이마을),아름김김연립 182동 446호,016-667-1744,minjae09@example.net
박성진,80756,서울특별시 도봉구 백제고분59길 189-98,영희윤김타워 F동 563호,043-071-8077,yeongsun38@example.net
강미숙,99502,대전광역시 남구 잠실2거리 550-55 (현주류장면),준호지문아파트,063-103-6261,sunoggim@example.net
주미영,61219,세종특별자치시 용산구 삼성거리 870,윤서김빌라,053-682-1345,gimminseog@example.com
문은서,32501,대전광역시 강동구 반포대거리 113-97,은정구빌라 마동 624호,053-819-3713,gimeunju@example.org
김도윤,88838,전라북도 속초시 서초중앙가 424,예원장이타워,052-914-3367,yeongja06@example.net
김채원,11961,부산광역시 서초구 오금95길 434-60,성진손타운,032-186-6999,gimbyeongceol@example.net
류서준,11806,광주광역시 북구 석촌호수71로 428-93 (예은최면),서영김김연립 X동 477호,019-132-1948,uo@example.org
김은영,79936,대전광역시 중구 서초대41가 639,아름안아파트 425호,016-097-0333,hwangsumin@example.net
김정수,52232,대전광역시 중랑구 석촌호수303길 678-99 (미정양황읍),민재서박타워 바동 779호,051-462-0212,sangceolseong@example.net
이현우,21944,인천광역시 용산구 반포대로 338-84 (영환이박리),옥순이마을 S동 108호,053-091-0397,seoyeon27@example.org
이은정,65211,전라남도 시흥시 오금가 219-34,서윤김타워,010-0728-3575,hyejin84@example.net
김하은,88584,대구광역시 송파구 논현599길 547,상현김배타운 S동 015호,016-221-9676,sunogi@example.com
안성훈,54220,서울특별시 광진구 언주54거리 774 (민수김마을),우진곽김타워 403호,070-0101-3400,jeonghun06@example.org
최정자,63548,울산광역시 서초구 가락0로 169,서현박빌라,063-308-5210,coeseongjin@example.org
최경숙,49546,서울특별시 성동구 봉은사10로 388-42,서연조타운 D동 862호,053-429-2852,baesangho@example.com
김영숙,51912,세종특별자치시 성북구 개포길 862-25,서연김타운,062-913-0445,dohyeon55@example.com
장미숙,40645,경상북도 충주시 잠실길 635,지우김최타워,041-685-8395,seohyeon88@example.org
차예원,52769,광주광역시 강서구 봉은사76로 지하430,경희이아파트,053-659-3448,jongsu51@example.org
성영환,77871,충청남도 청주시 상당구 개포5거리 510-91 (상현홍권리),준서김타운 956호,043-635-3558,gimjeongung@example.net
손성민,28235,대전광역시 양천구 강남대거리 427-96 (영미백마을),현지신타운,019-100-4017,jihun08@example.com
최정웅,03101,경기도 고양시 일산서구 역삼02로 185 (우진김이읍),순자성연립 965호,018-740-6794,migyeong49@example.com
김영철,58228,제주특별자치도 광주시 언주67로 144 (혜진황읍),은주심빌라 150호,062-467-6988,yeongsigyang@example.com
김주원,71999,서울특별시 도봉구 학동9가 385-90,서윤박김타워 200호,033-302-8001,mgim@example.org
김춘자,23447,전라남도 속초시 역삼1가 215-64 (경희양마을),정남이타워,043-392-9768,coeeunju@example.net
고숙자,19283,강원도 예산군 봉은사가 318 (광수박강리),명숙강김타워 P동 503호,051-318-5648,jiweono@example.net
송예원,88972,부산광역시 동작구 개포156길 680-66 (하윤진읍),재현김백타운 650호,018-720-9389,json@example.org
박숙자,23594,제주특별자치도 횡성군 테헤란395가 518 (수진황읍),영순서마을,017-890-9045,seojeonghyi@example.net
양수진,93864,경기도 김포시 양재천339거리 78-69 (채원이백동),예진류고빌라,041-246-7877,seojunmin@example.org
최상호,63767,경상남도 양평군 오금거리 975-24 (정자최김리),경숙백빌라 567호,052-484-8753,bagsangceol@example.com
양병철,85007,부산광역시 송파구 역삼가 지하988 (현지박면),중수한타운,070-9326-7577,munseohyeon@example.net
김재현,14594,강원도 안산시 단원구 양재천6가 462-97 (영숙김리),현지최빌라,017-015-5991,kjeong@example.net
배영숙,23821,울산광역시 양천구 가락거리 606-2,현정김김아파트 304호,064-700-8392,tbaeg@example.net
이하윤,25767,광주광역시 영등포구 반포대566가 581 (유진고손리),수진오마을 331호,031-236-1781,bagogsun@example.net
권정희,75054,경상북도 화천군 도산대가 855,정호권박타워 989동 785호,032-273-6058,donghyeoni@example.com
이영자,61152,전라북도 여주시 학동1로 276,지연이구연립 T동 478호,061-046-3241,seonghun22@example.com
정미숙,38717,충청남도 양주시 개포38거리 358,정수김구아파트 F동 275호,061-732-7341,seonghyeonjeon@example.net
김지우,24726,경기도 고양시 일산서구 선릉거리 722 (정희권민동),현숙김타운,016-137-6077,yeeungim@example.com
장영숙,29797,서울특별시 영등포구 압구정540가 641 (혜진박홍읍),성진김이마을 482호,063-229-3872,ri@example.com
류승현,74796,울산광역시 성북구 가락4길 156 (미정황리),성호김류아파트 012호,053-742-6028,sgim@example.com
이명숙,82685,경기도 옥천군 봉은사길 425 (수진홍최동),재호이연립 455호,055-790-2334,yejini@example.net
우명숙,42460,경상남도 아산시 논현가 276 (정식박동),정수박한마을 770호,031-635-7783,areumhwang@example.org
최지현,80763,전라북도 안양시 만안구 백제고분길 806 (수빈윤읍),숙자문연립 B동 746호,055-092-5942,yeongsig11@example.org
황서연,96445,울산광역시 마포구 서초대로 868,민준최아파트 E동 932호,055-332-7311,hyejingim@example.com
김영미,23197,대전광역시 마포구 도산대38가 907 (윤서김동),선영박타운,010-2110-7539,jihun01@example.org
오현준,08182,부산광역시 영등포구 백제고분5거리 253-32 (우진안하리),영수송안마을 811호,031-253-1633,janggyeongsu@example.org
김영식,64563,울산광역시 송파구 학동35길 지하615,미숙김마을,070-9639-5229,hyun@example.net
김준서,56730,대구광역시 구로구 언주가 324-14 (영철이동),경자김마을 408호,064-734-1570,nhong@example.net
김서준,30891,경기도 양주시 선릉로 322-7,서준김김타워 501호,061-579-6387,hyejin05@example.com
윤지연,25082,강원도 태안군 영동대길 19 (미정이김리),미경강강마을 마동 003호,043-849-3068,geonu42@example.com
이민수,69445,경상남도 동해시 영동대70거리 82,영진김오타운 R동 298호,032-951-7627,xbag@example.com
박동현,77524,전라남도 이천시 가락81길 지하527,순자김윤마을,010-5397-1989,ogsunyun@example.net
이승민,98460,강원도 용인시 기흥구 도산대79가 787-99,상훈강이아파트 T동 731호,051-194-0592,seoyeongsig@example.org
권성민,90566,강원도 구리시 백제고분가 539-7 (지민신김동),서영장마을 417호,019-504-5918,seonyeonghan@example.net
류미경,46023,세종특별자치시 종로구 서초대421가 651,경수서한타워 C동 941호,044-269-0035,qan@example.org
허정식,08938,광주광역시 성동구 영동대길 385-79,승민안강아파트 X동 637호,032-168-8362,yeongil95@example.org
박승민,40644,전라남도 청주시 흥덕구 압구정802로 248 (영호황송읍),유진한엄마을 라동 285호,017-042-9011,ngim@example.com
박채원,77396,서울특별시 종로구 강남대3길 783 (명숙김박면),주원한김빌라,051-515-7932,sgim@example.org
진광수,99785,인천광역시 구로구 삼성672길 지하612 (승민박박읍),우진김타운 U동 072호,054-360-8934,yuyunseo@example.com
이건우,55455,충청남도 충주시 잠실길 651,정자김타워 라동 778호,033-855-7752,yeweonbag@example.net
이은주,27212,대구광역시 중구 개포493길 94 (지원김백마을),시우강타운 777호,044-459-3677,eunseoju@example.org
이서영,13292,서울특별시 양천구 삼성길 178 (하윤박권면),정희송김빌라 463호,019-679-3481,gyeongjagim@example.org
고상훈,83698,광주광역시 은평구 역삼가 525 (은경허읍),중수김빌라 261호,018-373-1525,qgim@example.com
김우진,52153,세종특별자치시 광진구 테헤란로 741,예지박아파트 833호,017-014-8177,qhong@example.com
장중수,60860,경상북도 고양시 일산서구 석촌호수8가 779,은정김양타워 049호,051-405-3517,mijeongbag@example.com
김진우,41824,울산광역시 성동구 도산대805가 492,예지박이빌라 H동 132호,031-909-4357,coesangceol@example.org
윤지후,84169,서울특별시 성동구 도산대거리 521,혜진김타워 L동 944호,011-470-4275,iyeeun@example.com
박예준,42927,전라북도 청주시 상당구 개포거리 574-67 (예준주읍),재호김장마을 793호,017-676-8645,yeongsu63@example.org
심현숙,42351,경상남도 안양시 만안구 도산대05거리 296 (윤서박리),수진김김연립 678호,061-309-3896,doyun82@example.com
강춘자,56921,전라북도 광명시 백제고분09길 934,하은안마을,070-0974-3812,ogsun05@example.org
허지현,85075,대구광역시 강남구 강남대717가 294,예준서송빌라 429호,052-412-4378,jihyeon78@example.org
최옥순,19673,부산광역시 성동구 개포거리 지하569 (민지문읍),은서박아파트 059호,011-006-3305,seonyeong97@example.com
한승현,20753,광주광역시 동대문구 압구정5가 599 (영미김이면),영일김타워 750호,052-106-5249,iseong@example.org
김윤서,86644,충청남도 부천시 소사구 삼성가 847 (영미이하동),은경박이연립,062-015-2057,yeonghyijo@example.com
유영진,44517,경상남도 용인시 반포대가 978 (정훈김안리),상현안연립 421호,042-968-8424,bagogsun@example.net
김승민,64957,강원도 청주시 상당구 반포대249로 193,지아이서아파트 Z동 103호,070-4832-6679,nbag@example.org
김민수,30799,대전광역시 성북구 석촌호수길 486-96,정웅박우아파트 143호,061-330-3679,yeongjinbag@example.com
강영길,16050,제주특별자치도 수원시 영통구 석촌호수855거리 614-66 (정숙이박리),민서안마을,010-1706-9836,jeonghoi@example.net
한예진,36076,울산광역시 마포구 논현가 728-27 (영미김이면),현주노마을 207동 639호,032-151-3036,gimyeongsun@example.com
김지우,98304,광주광역시 강동구 반포대57가 401 (윤서송김동),지민김우타워 K동 760호,062-580-4142,junhogang@example.com
지영자,28453,제주특별자치도 삼척시 테헤란469거리 지하323,지은최이빌라 088호,011-326-1687,yeongsu57@example.com
이지아,97405,대구광역시 양천구 개포83거리 688-14 (정웅이안동),영철고타워 707호,042-539-4127,cgim@example.net
김도윤,07278,서울특별시 은평구 역삼159로 984-1 (성민심김면),병철김김연립 O동 627호,018-899-7404,seoyungim@example.net
장성진,00369,세종특별자치시 중랑구 테헤란로 833,서현이박빌라 154호,011-234-8919,simjiweon@example.com
이수민,86995,인천광역시 관악구 테헤란거리 40-56 (수빈김면),정훈김타운 733호,054-212-1561,nasunja@example.com
서정식,91528,대구광역시 남구 압구정9가 220 (영미박마을),하윤문타운,042-660-4886,yejun73@example.net
주종수,88287,인천광역시 북구 오금75로 716-68,서윤이아파트 364호,062-749-9091,oseunghyeon@example.org
김은정,12213,제주특별자치도 안산시 가락가 121 (정식김읍),영길곽김마을 913호,011-804-0264,myeongja67@example.org
곽건우,22370,울산광역시 중구 봉은사650로 720 (지후김리),영희최구아파트 785호,062-218-1392,ihaeun@example.com
이명숙,50802,세종특별자치시 중랑구 강남대가 216 (진호박이동),성수김연립 636동 506호,063-352-1184,gyeongsug37@example.net
김준혁,17894,제주특별자치도 남양주시 서초대479거리 876,순옥김빌라,019-069-1498,mbag@example.org
김지연,50609,충청남도 제천시 강남대462가 420 (민준김동),은영손이마을 G동 982호,063-815-6449,eunjeonggweon@example.org
박정웅,82964,제주특별자치도 청주시 상당구 양재천로 199-30 (지훈이마을),승현강연립 783호,032-472-2469,wgim@example.com
박영식,42064,울산광역시 노원구 선릉길 326 (경수강마을),영일최타워,041-089-7569,sangceolgim@example.com
이영미,84215,제주특별자치도 용인시 처인구 영동대길 702,정식김아파트,041-486-7465,yunmyeongsug@example.com
김성현,50654,경기도 청주시 서원구 잠실길 118-41 (보람김박동),서현이허타워 M동 732호,017-655-2812,ogjaji@example.com
이하은,84164,전라북도 화천군 언주거리 593,동현오아파트,044-139-3775,gangjia@example.com
황지혜,22829,광주광역시 관악구 오금180가 765-31 (옥순백마을),현주홍서빌라,032-923-6713,jeongunggim@example.com
김정웅,21642,경상북도 안산시 단원구 논현가 685,하윤노마을,043-724-5560,seungminhwang@example.net
이미숙,69944,서울특별시 성동구 테헤란596거리 821,미경곽김타운 C동 011호,033-315-0940,junho92@example.org
김영식,37299,인천광역시 동구 영동대거리 227 (현정송김면),지우김김마을,051-758-6300,yeonghwan78@example.com
이하은,52139,울산광역시 양천구 석촌호수926거리 290-20,수빈양타운 202동 707호,016-438-3776,gyeongjaan@example.com
차은지,00404,충청남도 강릉시 영동대3가 304 (경수배동),성호이김마을,055-876-1978,hyejingim@example.org
송광수,61717,제주특별자치도 성남시 영동대길 지하164,춘자김빌라 P동 446호,041-360-7662,jiu43@example.com
이하은,09418,충청남도 부천시 테헤란가 194,민석박박빌라,042-263-2975,iyeongja@example.org
김현우,55259,세종특별자치시 성동구 도산대82거리 892,서현박타워,070-8909-4124,songseongjin@example.net
이상현,53253,광주광역시 동작구 테헤란거리 52,옥자이마을 C동 112호,053-719-5401,byeongceolgwag@example.com
손도현,16309,세종특별자치시 강북구 도산대로 638 (명자권리),정숙이빌라 G동 062호,043-046-7904,yeongsungim@example.com
박춘자,62554,울산광역시 종로구 서초대7길 344 (지원이면),민석심김연립 T동 917호,063-465-0200,fgim@example.net
양영희,47322,제주특별자치도 고성군 서초중앙9로 99 (도윤서오동),옥자김빌라 B동 753호,041-441-5235,icoe@example.com
김병철,77364,서울특별시 동대문구 서초대가 913 (지후오읍),순옥송장연립 마동 926호,032-110-6451,jgim@example.org
박예지,60000,서울특별시 용산구 도산대80길 145-14 (현정이우동),수빈김김타운 J동 426호,070-5338-5077,ijihu@example.org
이현우,66061,경기도 안양시 동안구 오금9가 966,성훈이빌라,019-326-2113,yeeun83@example.com
김영식,69043,대전광역시 동구 선릉길 714-49 (지연유고리),윤서양연립 H동 856호,010-1692-6714,sanghunson@example.net
박수빈,63786,부산광역시 강동구 서초대60거리 222,예준김연립 412호,02-6472-9664,gimjihye@example.org
김준호,15671,세종특별자치시 남구 삼성58거리 537 (현준박리),영숙김윤아파트 324호,053-236-1723,jihun81@example.net
박민재,17537,충청남도 수원시 영통구 도산대길 730 (예은오읍),보람전마을,062-642-7426,xcoe@example.com
김수빈,28695,세종특별자치시 노원구 가락2길 406-74 (서영이장읍),준호송연립 645호,053-270-8071,gcoe@example.org
최영진,91952,세종특별자치시 양천구 가락로 660-83 (명자김서동),정훈문타운 다동 293호,019-572-4239,noyejin@example.org
남수민,76007,서울특별시 광진구 봉은사로 357-30 (서준김면),영수김빌라 B동 430호,063-331-1195,jeongsuggim@example.org
주서연,57537,전라북도 천안시 서북구 가락거리 지하78,숙자이김빌라 167호,02-2906-4159,dohyeon12@example.org
김광수,45343,서울특별시 서구 학동가 174 (민서이리),중수김우타워 라동 311호,061-275-9577,hyejini@example.org
박정호,85167,대전광역시 관악구 가락길 282,정자홍연립,010-0607-7323,zna@example.org
김아름,78920,전라남도 양양군 강남대289길 577-22,민준민하빌라,010-4318-8339,junyeong33@example.org
최성현,04890,서울특별시 구로구 강남대길 지하806,지혜박타워,044-736-1435,gimhyeonju@example.com
김주원,04343,세종특별자치시 북구 논현149가 431-42 (도윤박면),정순박빌라 544호,062-613-2874,gimjeonghyi@example.org
성광수,21028,제주특별자치도 의정부시 서초중앙로 810 (현숙성이읍),광수권김연립 G동 189호,062-002-6322,zgo@example.org
이옥자,81632,인천광역시 도봉구 논현449가 지하220,현주정아파트,063-379-9766,bagjeongsun@example.net
정재호,40714,광주광역시 서초구 가락3가 62 (도윤한곽리),현준이구타워 033호,02-4256-4026,yugwangsu@example.com
이은주,45282,세종특별자치시 남구 선릉길 863,승민조타운,041-477-9493,anjaeho@example.com
김상철,52666,대구광역시 북구 압구정로 123-91 (준호김이리),정호안연립 I동 915호,061-634-7460,ei@example.org
김준혁,20657,경상북도 고양시 가락거리 279,지아김강빌라,017-394-1603,osim@example.net
이예준,38299,대구광역시 양천구 역삼0가 429-99 (재현강마을),성호김김마을 042호,032-306-8266,seoyunju@example.org
이시우,98986,부산광역시 영등포구 도산대374로 380 (진호김마을),민석김황타워 가동 874호,064-700-4858,bagyeeun@example.com
차지후,23740,대구광역시 종로구 봉은사거리 380-93 (숙자이이리),영수이타워 U동 195호,019-555-0080,gimseoyeon@example.org
송정웅,95277,인천광역시 동대문구 양재천로 910-45,하은김타운 163호,02-2026-5967,hyeonugim@example.com
차영희,81153,제주특별자치도 안산시 상록구 언주809길 625,성호이타워,055-328-4615,rgim@example.net
송현지,11207,강원도 안양시 만안구 잠실가 75,영순이박아파트,02-5316-9052,hanyeonggil@example.org
우윤서,04678,인천광역시 광진구 언주거리 698,현정홍이빌라 R동 546호,055-105-6036,anjimin@example.org
권정숙,52265,충청북도 홍성군 반포대길 지하447,옥순서문마을 854호,063-372-3980,wgim@example.org
김지영,16989,광주광역시 관악구 오금길 145-37,광수이남연립,055-873-0701,jeongseonghyeon@example.com
황성훈,12549,부산광역시 중랑구 학동685로 582-53,우진남타운 M동 121호,052-185-5167,junyeong64@example.com
강지영,46923,광주광역시 강동구 강남대944가 571 (선영김김리),지민홍김연립 K동 523호,062-118-3954,ygang@example.org
김서영,50852,경기도 원주시 학동가 784,지후장박마을 P동 959호,033-213-3007,jinho32@example.org
우승민,06925,인천광역시 송파구 봉은사60로 613,영수김이타워,018-234-9825,rcoe@example.net
박정남,21489,경상북도 증평군 봉은사길 769,도현허마을,018-118-5268,ghwang@example.org
고지연,86502,충청북도 광주시 잠실로 118 (민수김최리),지영남김빌라 Z동 967호,054-136-4488,ljeon@example.com
박혜진,24286,경상남도 정선군 학동926로 지하569,순자이타워 P동 503호,070-1275-4613,ni@example.com
윤선영,99868,부산광역시 강남구 역삼거리 527,건우조타운 다동 372호,055-304-1624,dseong@example.com
김지아,63791,부산광역시 남구 학동77길 122,미숙이김타워,017-682-2130,zi@example.org
조하은,74868,부산광역시 구로구 영동대가 917,서영김마을 685호,018-412-0372,areum61@example.net
김도윤,94719,부산광역시 남구 역삼가 806-84 (정수이이동),영수박이빌라 X동 837호,064-795-8218,caeweoni@example.net
백은서,65008,광주광역시 북구 양재천로 462-25,성호오김연립 F동 448호,042-712-2669,seoyun76@example.org
김준서,19045,대구광역시 북구 도산대7거리 227,하은장타워,064-765-5732,eunyeongyang@example.net
노도윤,29402,울산광역시 영등포구 삼성407가 316,성호김아파트,043-346-8512,gimhyeonsug@example.net
류준영,13330,대구광역시 도봉구 오금거리 지하683 (보람이이마을),선영박이타운,051-237-5255,wbag@example.org
김영일,01758,대전광역시 동구 반포대로 49-14 (주원황리),정자전성아파트 마동 994호,02-0006-2096,jihye54@example.net
강서영,79032,경기도 청양군 오금로 527,경희최타워 998호,019-066-3592,yeji91@example.com
문민수,85159,광주광역시 마포구 반포대3길 661,영식최이빌라 728호,055-731-3976,jeongnamcoe@example.com
김지우,79916,전라북도 속초시 서초대65거리 638,영진김아파트 U동 333호,019-352-6142,igyeongsug@example.org
고채원,14159,충청북도 속초시 영동대221거리 947 (광수윤구마을),영길김이아파트,051-011-4498,myeongsug14@example.com
이성수,00104,경상북도 성남시 수정구 역삼거리 448 (병철이동),지후이연립 H동 558호,031-335-2956,xgim@example.org
이정순,06148,경상남도 포천시 강남대2가 지하95 (옥자한리),영진김김아파트,041-091-8336,sanghun41@example.org
이은경,70323,광주광역시 도봉구 잠실673로 693-32 (춘자박박마을),상현박연립,054-206-9344,seonghyeongang@example.net
김은주,98989,부산광역시 노원구 압구정84길 906 (영길김김면),성수손빌라 마동 287호,064-722-3372,sgim@example.net
박혜진,26970,대구광역시 서대문구 오금361로 849,성현강김빌라 703호,052-139-6613,ri@example.com
김영수,84205,충청남도 파주시 개포거리 643-48,은정장최타워 497호,032-991-5013,songhyeonsug@example.net
권서연,48759,제주특별자치도 금산군 봉은사196길 130-11 (영미배박리),정희우연립 X동 401호,055-207-8436,jiyeong31@example.org
이윤서,50612,서울특별시 송파구 가락거리 50 (정숙조읍),민수유타워 라동 293호,031-283-2137,ni@example.net
문영일,12834,서울특별시 강동구 도산대가 364,경수배타운 다동 392호,016-922-5021,gwagjieun@example.com
박서영,97104,전라남도 괴산군 잠실4가 996-95 (현숙전면),아름김마을,044-672-6324,geonuyang@example.net
장승현,97001,울산광역시 종로구 석촌호수길 지하938 (은주곽문면),도윤백마을 568호,042-529-6546,hyejinbag@example.org
장보람,43472,강원도 부천시 오정구 백제고분1거리 466 (미경박김면),정순서빌라 662호,032-656-9064,minseongho@example.org
고진호,12582,서울특별시 광진구 반포대132길 321,주원김박마을 다동 039호,054-260-5481,abag@example.net
심춘자,66984,경상남도 부천시 원미구 역삼로 407-59 (예진류리),영식김강빌라,054-557-0216,yeonghyi76@example.net
장정훈,51211,부산광역시 강남구 오금로 769 (하은이면),성호박이연립 다동 853호,031-853-8565,jiyeon79@example.net
이윤서,95400,충청남도 이천시 가락길 지하876,영진손윤타워 D동 638호,010-7526-8143,sugja99@example.com
문정순,07270,제주특별자치도 동두천시 서초중앙가 579 (영자윤동),지훈강타운,054-159-8886,gyeonghyigim@example.com
박주원,84099,인천광역시 관악구 석촌호수거리 43-89,성훈류김마을 939호,055-225-6607,gyeonghyi90@example.com
오정남,33455,대구광역시 성북구 선릉062가 964 (은주하김읍),시우김연립 67동 587호,051-613-7451,kgim@example.com
차준영,01382,대전광역시 종로구 테헤란로 493,서연윤김타워 Y동 794호,033-754-7457,bagjeongung@example.net
김준호,84730,전라남도 용인시 기흥구 잠실85가 625-49,은경남아파트,02-2523-3684,sonsumin@example.com
박주원,97640,서울특별시 송파구 도산대168로 234 (준서서마을),영호오김아파트 U동 764호,032-864-0705,bgweon@example.org
김현숙,91292,충청북도 의왕시 학동995가 285 (예은김김리),지우박류타워 635호,043-421-7243,jiseongho@example.org
윤정식,96553,경기도 옥천군 테헤란거리 지하265 (하윤문윤면),영수서서타워,064-770-0959,minseogbag@example.com
박영숙,20233,광주광역시 강북구 영동대3길 793 (성민차읍),선영이빌라 132호,016-507-3320,ijeongsig@example.com
김성훈,93897,경상북도 청주시 상당구 오금33거리 640 (숙자최마을),명숙한타운 S동 940호,055-478-0177,misuggang@example.org
이수진,66207,전라남도 단양군 백제고분길 548 (예원윤리),성민이김빌라 바동 736호,070-8347-8707,gimyeongho@example.org
김미숙,39057,부산광역시 중구 서초중앙거리 209,승민김박빌라 521호,041-213-0389,areumo@example.com
한서윤,23360,부산광역시 서대문구 백제고분6가 382,성현김타워 241호,043-486-4723,xjo@example.net
서준영,73480,경상남도 의왕시 삼성78가 921,수진김타운,02-9494-1780,yeonghwanryu@example.com
이성현,52625,충청남도 용인시 가락301거리 981-70 (영수한리),옥자강마을,054-255-1927,hgim@example.net
안우진,54667,서울특별시 강서구 강남대길 631 (현우김성동),지연김타운,02-3337-8844,isanghyeon@example.net
전지훈,24077,울산광역시 마포구 잠실09가 773 (영철서면),우진최김아파트,053-765-9906,hayun06@example.com
김재호,07959,전라남도 홍천군 양재천길 지하849,승민이김빌라,011-312-8360,eseong@example.org
우은경,80201,대구광역시 관악구 백제고분02가 224 (은경김김동),민재이배연립,070-7330-8588,dohyeon90@example.net
김영숙,51885,전라북도 수원시 팔달구 개포가 237,순옥윤아파트,018-883-2102,zgim@example.net
윤도현,48911,광주광역시 서대문구 테헤란가 296-57,우진박최아파트 789호,033-261-5663,lgim@example.com
김서영,69175,전라남도 성남시 중원구 가락거리 86-91 (상훈박동),지현박양연립 397호,055-116-3449,wgim@example.com
배영희,07396,부산광역시 종로구 서초중앙거리 163,정남이김마을 649호,033-475-2656,caeweongim@example.org
박은주,38050,전라남도 용인시 처인구 강남대길 690-8,정자김빌라 061호,032-182-4994,yan@example.org
문경희,92472,광주광역시 금천구 테헤란거리 15-47 (지연신주읍),서연김강타운 가동 290호,042-365-3471,gimmyeongja@example.com
진종수,07443,부산광역시 종로구 양재천991길 267-47,광수김오마을,063-412-0445,gimeunji@example.net
윤경희,20861,경상북도 예산군 잠실로 899,명숙박연립 717호,061-692-3985,jungsuson@example.com
이재호,17797,경기도 금산군 학동가 654,광수하아파트 604호,044-205-3284,iboram@example.net
정준혁,87621,울산광역시 강남구 봉은사245길 549 (선영강김마을),중수권빌라 V동 959호,063-525-0820,coehyejin@example.org
김순자,01041,경상남도 양평군 도산대거리 113,예지이연립 591호,010-9131-3126,yeongho00@example.com
서성호,84868,세종특별자치시 도봉구 도산대443로 745,은주김이타운 484호,053-874-3357,jeonghun98@example.net
김민서,34739,서울특별시 중구 학동846길 396-66,정식류송타워 J동 734호,063-562-7057,myeongsug12@example.com
황민지,79194,세종특별자치시 도봉구 잠실길 414 (영미홍장면),도현이김연립 173호,042-902-4918,hyeonsug12@example.org
김영일,71555,세종특별자치시 서초구 언주496가 175-44,지원진김타워 V동 585호,011-127-7864,seongminbag@example.net
이윤서,22305,경상북도 평창군 가락거리 214 (미정윤강면),동현김연립 815호,019-510-4513,eungyeong33@example.net
박상훈,38832,광주광역시 북구 도산대666길 603-2,하은김타운 953호,054-372-2634,pgang@example.com
김영호,81309,경상북도 천안시 서북구 선릉로 257,상호박강아파트 R동 016호,031-605-7531,seoyeon54@example.com
김영식,21117,전라남도 안성시 가락가 129 (영진남면),지우김김타운 바동 996호,054-909-5420,scoe@example.com
김성수,21217,울산광역시 은평구 삼성가 650,지현김류타워 H동 493호,018-928-9141,minji43@example.com
이건우,04684,광주광역시 강서구 봉은사874가 208 (민재한마을),시우이장빌라 G동 366호,064-702-8374,iareum@example.com
윤지아,29205,부산광역시 강북구 압구정253로 506 (승민유안마을),도현김아파트,051-360-5439,pbag@example.com
최춘자,54135,세종특별자치시 관악구 오금74거리 682-59,영미김마을,018-096-8894,hyeonjun05@example.org
양정호,11883,부산광역시 서초구 가락로 405-14 (정남박이마을),성현조서아파트 Y동 641호,041-732-2056,yuujin@example.org
한서윤,12274,울산광역시 종로구 반포대245가 527,명숙김황연립 다동 181호,052-316-2584,hyeonjeong14@example.net
최은주,21347,세종특별자치시 중랑구 언주거리 152,예은김장아파트,062-824-2309,cbag@example.com
서중수,73690,충청북도 아산시 삼성로 86 (미경이김읍),영진백손마을 A동 286호,032-320-7354,bagsunog@example.com
구명자,90004,부산광역시 강북구 석촌호수거리 171,정순김마을 648호,018-476-7098,imyeongja@example.net
이영환,85456,강원도 용인시 처인구 개포783거리 441,경희안송타운 W동 198호,010-1307-2916,gimyeongsig@example.net
구상현,24008,경상북도 용인시 수지구 영동대17길 409-63 (도현이마을),영수한타워,052-350-2471,imijeong@example.com
김지은,92815,전라북도 청주시 흥덕구 선릉457거리 지하96 (미정이하면),지현이이아파트 949호,019-306-7182,donghyeonbaeg@example.net
박승현,48447,광주광역시 도봉구 양재천가 39 (지연이읍),은주강강연립 S동 684호,064-774-3307,lgim@example.net
우경수,41066,부산광역시 영등포구 반포대3길 294,영철오아파트,032-318-2220,seongjin37@example.com
박준호,21349,경상북도 평창군 압구정435길 158-6 (예은이면),주원이연립,016-330-2683,gweonjihu@example.net
황현우,51403,광주광역시 서구 언주8로 637 (병철김서리),경희김타워 C동 827호,054-989-6729,sugja85@example.net
김지연,84546,전라남도 양평군 봉은사가 180 (영호이윤리),영수김이타운,032-927-3772,gbag@example.org
윤재호,08089,부산광역시 서대문구 강남대4로 794-30 (경희박문마을),지민이김타워,070-3179-7641,gimsanghyeon@example.net
김성진,23058,대전광역시 금천구 선릉로 428,성훈윤마을,042-656-3714,minsui@example.net
한예지,18363,광주광역시 도봉구 삼성거리 지하784,진호이아파트 960호,041-865-6121,ihayun@example.com
김현우,70885,울산광역시 종로구 테헤란44길 지하524 (아름김박리),현우홍빌라,033-784-9476,dgim@example.net
손은정,04187,광주광역시 금천구 테헤란076가 651-5,영철한마을 451호,018-969-8644,ijinu@example.net
성경희,02941,대전광역시 북구 압구정로 130-97 (옥순권마을),준영서마을 674호,011-841-1856,eunju14@example.net
김현숙,80284,인천광역시 서대문구 선릉거리 492-11,은지양박연립 F동 015호,02-5418-0909,zgim@example.org
박미숙,67161,대전광역시 송파구 역삼거리 837-92,보람지김타워 871호,019-608-5520,wsim@example.net
박정남,60887,부산광역시 강서구 언주길 998-28,수진이조연립 201호,032-291-4934,minsu64@example.org
성은서,06549,제주특별자치도 제천시 백제고분5가 487-16 (은서오리),지원오권타워,033-782-0282,jeongsu19@example.com
신영순,71448,세종특별자치시 영등포구 개포로 426,유진윤타운,031-422-0965,seongmin33@example.net
박건우,30141,경상북도 정선군 석촌호수3로 212-6 (은주이박마을),지훈김마을 480호,051-578-9176,eyun@example.com
서민지,05330,대구광역시 영등포구 강남대길 371,춘자홍김타운,032-171-3965,bagminjun@example.com
김미경,35630,부산광역시 남구 역삼23가 지하399,예은오황빌라,044-209-1672,ujini@example.org
김현우,92233,경상남도 천안시 동남구 백제고분8로 257-44 (지영차마을),재호권빌라,018-849-0938,gyeongjayun@example.net
김경수,35115,전라북도 정선군 역삼가 563,건우오타운,032-973-7963,seoyeong90@example.com
김보람,52327,세종특별자치시 강서구 석촌호수31거리 262-92,은영류구타운 O동 935호,031-128-4476,minjigim@example.org
오채원,23671,충청북도 포천시 학동길 776,미정조김타워,054-080-6558,caeweono@example.com
윤은주,22494,부산광역시 강남구 서초중앙8로 662 (승현권읍),정순최아파트,051-618-4282,hyejin29@example.org
이유진,80121,충청북도 고양시 일산서구 언주682거리 733,준혁김박연립 284호,032-217-2428,jeongnam63@example.com
이하은,18626,서울특별시 송파구 영동대34로 351-9,미영김한연립,054-993-6462,qyang@example.net
홍순자,41252,서울특별시 중구 서초중앙가 11-21 (미숙홍배읍),지아이아파트 D동 444호,051-291-2242,minjii@example.org
박정희,67070,경기도 진천군 강남대가 415-71 (지연강김마을),예원이장마을,033-225-5849,byeongceolgim@example.com
이정숙,48512,강원도 의정부시 서초대길 787-39,병철이연립 P동 918호,016-383-7521,yeonghwan31@example.org
김동현,17193,대구광역시 서초구 영동대가 506,준영하주아파트 111호,019-840-9358,agim@example.org
이민준,93345,경상남도 삼척시 역삼로 76 (건우오김읍),유진손최마을 566호,054-035-5702,yeongsuni@example.net
김정남,50768,대구광역시 은평구 서초대14가 265 (영일지마을),영식양타운,033-258-8159,zryu@example.org
이준혁,58325,충청남도 성남시 잠실길 822,승민문타운 996호,032-871-6245,jinhoo@example.com
김현숙,23880,경기도 포천시 백제고분가 893 (영호김마을),미숙이이타운,011-205-7696,obag@example.org
김은지,36537,광주광역시 동작구 개포8거리 198 (도현남김읍),은정김아파트 P동 301호,054-455-1663,miyeong28@example.org
장은경,44036,제주특별자치도 부천시 도산대96로 지하838,정식김타워 K동 943호,033-748-7652,eungyeonggim@example.com
김경수,94861,전라북도 홍천군 압구정7로 530-98,영순조타워 301호,061-785-6115,jeonghou@example.org
이민재,97968,충청북도 가평군 논현5로 350,우진윤강마을,017-112-1021,yeeun50@example.com
권주원,27535,경상남도 군포시 서초중앙20가 796-38,재현심김아파트,063-969-9290,dohyeoni@example.net
강예진,09139,전라남도 보은군 반포대가 지하190,민수박황빌라 738호,019-284-9183,minjun13@example.com
김준서,90352,충청북도 부천시 소사구 봉은사가 638-80 (아름김김읍),은정고문연립 770호,044-393-5813,yeeunbag@example.org
윤지후,38321,광주광역시 동구 역삼727가 892 (수진한김면),성호노고연립 970호,018-702-7409,baegyeongmi@example.org
박춘자,57280,부산광역시 마포구 압구정73거리 63-42 (서윤양면),윤서김김빌라 라동 814호,044-624-9546,sanghyeon92@example.com
황순자,18667,세종특별자치시 서초구 논현가 993 (은정최동),정남김타워 U동 671호,033-593-7455,heoyeongho@example.org
안상현,03352,대구광역시 강서구 학동로 364,민수허김타운,055-654-6196,jaeho12@example.net
김병철,81339,전라남도 양주시 선릉길 787-1 (지민김주읍),서현최김타운,062-845-8129,boramo@example.net
윤병철,31554,울산광역시 북구 서초대길 848-83,미정안타운 Z동 773호,041-173-9419,obag@example.com
김지영,31881,인천광역시 강남구 선릉거리 144 (현주박동),진호안김아파트 124호,032-082-4886,coeyeongsug@example.net
김준서,16985,강원도 철원군 봉은사29가 923 (정자윤읍),은지최김아파트 바동 805호,018-270-7542,seonghyeoncoe@example.com
김예준,50450,부산광역시 동작구 잠실1거리 540-77,선영박박마을 238호,011-209-8095,usin@example.net
박서현,93792,대구광역시 성동구 반포대로 931,예지배타운,043-539-6463,ujinyun@example.net
이유진,54772,충청북도 음성군 잠실9길 436-3 (건우차마을),상호이타워 S동 762호,032-617-9816,tseo@example.com
김예준,05812,대전광역시 동작구 압구정2길 779 (수빈조홍리),지혜조연립,041-419-5722,ai@example.com
류순옥,68588,대구광역시 중랑구 석촌호수로 296 (정웅윤면),서영조김연립 F동 301호,018-199-4048,yeonghwangim@example.org
김준혁,54758,세종특별자치시 양천구 개포가 250,성훈박아파트,033-077-4118,yeji78@example.org
이영환,14376,대구광역시 구로구 양재천거리 782,성수이빌라,031-177-4606,yi@example.com
김옥순,14277,세종특별자치시 남구 압구정34로 187 (재호박송마을),은영정김연립 023호,064-758-1032,minjaei@example.net
강은정,37299,경상북도 홍성군 가락거리 770-9,지은김조연립,019-830-6360,seongjin96@example.org
강지연,51187,서울특별시 종로구 백제고분549로 52,정자김타운 555호,031-754-0307,mineungyeong@example.com
김정숙,44321,세종특별자치시 강서구 영동대781로 287 (영희김읍),지혜조최타워 O동 163호,031-565-8836,ri@example.com
김지훈,29415,충청북도 부천시 강남대길 554,혜진박최아파트 E동 121호,043-697-2067,psong@example.org
이경수,70837,경상북도 수원시 논현26거리 226,준호이박아파트,044-349-4843,junhyeog69@example.net
최지우,18503,대전광역시 광진구 가락066로 86-76,은영남마을 733호,052-919-3258,rhong@example.org
강미정,74692,충청북도 청주시 흥덕구 가락길 829,경자박장빌라,063-606-7269,ryujunseo@example.com
김민재,34353,경상북도 청주시 청원구 테헤란길 327-11 (아름손읍),진호최김아파트 628호,064-768-6479,imijeong@example.org
김현준,04497,충청남도 양주시 오금가 935,주원손김마을,070-1942-9671,suminjang@example.net
조재현,22831,충청북도 부천시 오정구 학동거리 486-78 (병철김김리),지아권이타운 703호,051-261-1212,yeongjagim@example.com
이민준,89408,세종특별자치시 양천구 영동대가 1,영희홍아파트,010-0542-7304,xgim@example.org
박현준,95352,전라남도 부천시 원미구 압구정992거리 지하665,주원김아파트 702호,054-089-3928,minjae58@example.net
김정식,58451,부산광역시 서초구 언주길 345-5,성진박최마을 001호,031-988-9759,hjeong@example.net
김정호,30305,강원도 가평군 가락가 114-52 (시우김김동),지연김남타워 가동 492호,017-980-3240,yejunan@example.com
김시우,62500,부산광역시 강북구 선릉길 661 (정훈박읍),명숙우홍마을 Y동 616호,044-410-8091,jangjiyeon@example.org
이성진,01719,강원도 의정부시 가락84로 지하520 (은경박김읍),영길조최타워 Z동 145호,062-445-6919,eunseoseong@example.net
손재현,24212,전라북도 용인시 기흥구 학동76길 519-72 (은정엄안동),미경강김타워 A동 423호,063-896-3473,caeweoni@example.net
배중수,36642,광주광역시 구로구 선릉로 857,명숙최김연립,018-071-8746,seoyunbaeg@example.com
박혜진,27598,경기도 안산시 선릉길 38-40 (준서이읍),하윤나빌라,044-886-9108,ijaeho@example.org
허혜진,12420,대구광역시 용산구 백제고분5길 지하38,명숙심박빌라 592호,055-372-9378,ei@example.com
한민준,79360,광주광역시 강남구 영동대길 473-26 (광수한리),성민최마을,043-674-4098,nahyeonji@example.com
주정숙,26839,서울특별시 서구 테헤란9가 443 (예지이이리),정자하빌라 Z동 108호,063-751-9034,hbag@example.com
이병철,38496,부산광역시 동작구 가락길 557-88,중수이김연립 A동 782호,031-305-7750,pyun@example.com
손하윤,63977,충청북도 춘천시 오금거리 338 (지민양면),지현김빌라,052-763-2802,sangho86@example.net
김정숙,63530,강원도 연천군 석촌호수67로 지하156,정숙김최타워,042-108-7327,ryu@example.net
박정희,21417,강원도 서산시 양재천로 143 (예원이마을),지원이연립,052-255-3221,hyeonjubag@example.com
배미정,42153,대전광역시 동구 석촌호수거리 916 (서연이마을),미경김이타워 223호,070-6829-0575,gweonsubin@example.net
홍미경,10660,경상남도 진천군 논현942거리 412-2 (하윤이마을),지은윤타운 Z동 444호,032-854-5078,iyang@example.net
김종수,58917,세종특별자치시 광진구 역삼로 699-91 (영일박동),지민류마을 N동 450호,044-561-2745,oyun@example.net
최서윤,42758,충청남도 양구군 봉은사로 지하620 (순옥이황마을),주원최빌라 983호,043-961-2117,coeboram@example.org
송영순,33135,경기도 인제군 잠실34거리 868,상훈오타운 873호,018-660-8160,jungsugim@example.org
박정순,50520,제주특별자치도 부여군 잠실로 622 (현주양동),성진주김마을 246호,018-074-3991,sunogi@example.org
문은정,78274,전라남도 양구군 강남대가 117,영철이아파트 738호,02-3122-6962,jangsangho@example.net
권현지,07739,경상남도 남양주시 압구정417로 555-13 (민준송유면),성진하빌라 바동 702호,017-878-3138,ison@example.com
장명자,61864,광주광역시 강서구 강남대194거리 434,주원송김타워,016-635-0722,seoyeongjo@example.com
이정호,34919,대구광역시 북구 강남대가 156,진호박장마을,054-401-6568,sinhaeun@example.net
류지아,19222,충청북도 안양시 만안구 잠실382거리 889 (승현박읍),준서김마을,010-8573-9749,ijiweon@example.com
김정훈,70831,전라남도 동두천시 반포대가 893 (정순홍면),영진최최아파트 T동 571호,044-592-0103,jaehyeoncoe@example.org
이성수,76577,전라북도 공주시 압구정길 263 (정자이이마을),순옥황이연립 가동 634호,010-1887-0894,ci@example.org
차예준,57066,경상남도 성남시 서초대83로 201-44,미숙서최타워 X동 840호,042-375-4378,jiweon66@example.org
박춘자,90729,울산광역시 관악구 잠실799거리 37 (정남양읍),지민최유빌라,042-079-9702,mgim@example.net
신상호,67465,강원도 고양시 일산동구 개포로 246-10,동현김빌라,017-840-9127,bagyeongceol@example.org
백영호,02288,대구광역시 양천구 학동975로 915,영일강빌라 592호,016-948-2468,migyeong93@example.net
차은경,24811,부산광역시 광진구 반포대로 549 (정순김장면),명자한연립,016-558-8357,myeongja28@example.net
최춘자,08900,세종특별자치시 종로구 삼성27가 364 (시우윤면),민지윤박연립 E동 328호,064-718-1013,hyeonugim@example.org
최경희,32554,충청북도 안산시 상록구 서초대가 209 (영길배최마을),민준이조아파트 630호,044-096-3456,nyang@example.org
민영일,07115,전라남도 동해시 백제고분1거리 지하999 (정희오동),현지안권타운 196호,052-707-5122,jiui@example.org
이영환,82297,서울특별시 관악구 봉은사길 지하812,지훈김타운 마동 004호,053-995-9929,dbag@example.com
송성민,69043,충청남도 안양시 동안구 개포40로 939-28 (순자박마을),민수남아파트 580호,016-147-0340,jiweongim@example.com
정민재,20383,경상북도 고양시 일산서구 잠실로 510-87,영수성이마을 S동 670호,042-854-3310,yeongjinmin@example.com
백은서,74001,세종특별자치시 도봉구 압구정길 955,서연황고마을 U동 686호,011-928-2310,bagseoyeon@example.org
김정웅,73913,대전광역시 노원구 가락273길 606 (준영이동),성민윤나아파트,062-799-9436,nyun@example.com
노서연,66347,경상남도 성남시 수정구 백제고분2로 840,성훈김연립 I동 783호,053-595-7669,minseo80@example.com
이옥순,11490,경상남도 부천시 소사구 잠실70길 지하539,경수우타워 616호,041-686-5143,gweonjunho@example.net
김영철,26450,부산광역시 동구 석촌호수로 761 (진우송리),서윤성마을,044-479-9351,gimjeonghun@example.com
안은경,82067,세종특별자치시 동작구 서초중앙가 679 (상훈김면),민재이이마을,041-858-3345,josunog@example.org
박하윤,26411,충청북도 시흥시 서초대길 462,은서심김타워 마동 518호,054-656-0325,geonubag@example.org
박수진,19555,충청북도 서산시 테헤란거리 265-75,은영이마을,042-826-9914,minjaegang@example.org
곽성진,30406,제주특별자치도 화성시 봉은사로 589 (성민류박읍),민석강문마을 086호,042-614-5042,hi@example.org
이하은,55830,세종특별자치시 강남구 석촌호수14길 290,상호이장연립 N동 034호,016-926-4579,minjae32@example.com
성영진,60689,경상남도 안성시 봉은사60길 598,수진심연립 D동 274호,051-233-5072,hcoe@example.org
문민재,44840,전라남도 포천시 잠실길 596,건우박허아파트 247호,062-670-7801,sinjihyeon@example.net
김민석,42593,전라남도 부천시 소사구 서초중앙075길 지하258 (윤서배동),성진이오타워 F동 175호,053-251-4300,eunju42@example.net
강현숙,94146,광주광역시 도봉구 반포대거리 214-42,준호박마을 L동 521호,032-155-0065,eunseo48@example.com
안현정,14769,서울특별시 강서구 반포대거리 884 (지민김동),정남송이빌라 939호,052-452-3903,sunja73@example.org
김민수,75420,충청북도 김포시 도산대로 962-44 (서영이주리),정식류우빌라,031-773-1544,oseong@example.org
이영진,08759,대전광역시 광진구 영동대로 617-46,하은홍신타워 Y동 530호,042-896-9613,jaehyeon52@example.com
황종수,86986,전라북도 성남시 중원구 선릉7가 424-54 (민석김동),옥순최빌라 N동 729호,044-434-1894,ji@example.net
허상현,98907,제주특별자치도 영월군 역삼25길 693-10,지원이김타워 174호,063-171-9151,hongseungmin@example.net
고영진,07602,경상북도 안성시 삼성7거리 666 (영철류면),현우김빌라 다동 902호,055-839-5103,songdohyeon@example.com
이정식,81225,부산광역시 동구 서초대883거리 301 (수빈서한면),수민조서타워 I동 868호,016-062-1203,ujin35@example.net
강옥순,60464,울산광역시 북구 석촌호수40가 877-22,서영이이빌라,054-451-8438,dha@example.net
송미정,96854,충청북도 고양시 일산동구 반포대9로 112 (지연서동),정식박김타운 J동 015호,063-810-0646,minjaejang@example.org
김정희,52130,서울특별시 관악구 언주로 614-99 (순자박이마을),정순양우연립 나동 475호,055-830-5326,sgang@example.com
김영자,89844,서울특별시 강남구 논현1가 223 (지연김동),상현배나타운 561동 049호,053-337-6556,xgim@example.net
박진호,31174,부산광역시 은평구 선릉059로 지하929 (윤서김구마을),미숙김황타워 554호,02-4356-6334,singwangsu@example.net
김은지,73823,충청남도 성남시 석촌호수길 44-80 (은영강양동),하은성마을,032-571-2968,gojeongja@example.org
우현우,21377,대구광역시 성북구 석촌호수가 지하474 (예진김면),서현박김아파트 B동 842호,02-3741-3536,ei@example.org
문서영,20514,대구광역시 용산구 반포대5거리 17 (숙자문리),경희문아파트 783호,017-448-8758,nayeongsug@example.org
박순자,30646,충청북도 남양주시 반포대길 617,영미이타운 061호,033-099-4818,sugjaan@example.com
김영자,80799,경기도 수원시 권선구 강남대223길 769-55,민석류이연립 726호,043-023-0360,seongsuo@example.com
송성수,56797,인천광역시 동작구 논현5길 453 (영희김박리),영순최이타운 701호,043-568-9447,wi@example.org
이정희,74537,인천광역시 강남구 역삼거리 127 (현주김박리),진호김박마을 126호,010-3716-2438,namijeong@example.com
장은서,25219,부산광역시 양천구 서초중앙길 704-3 (영숙유박면),영숙이안타운 C동 069호,018-993-4900,yeonggilbag@example.com
황현지,14990,세종특별자치시 영등포구 학동931로 196 (광수김면),영수이박마을 K동 429호,043-433-6116,ecoe@example.net
남아름,01814,대구광역시 성북구 압구정가 296 (민서김리),민지이타운 A동 744호,02-6391-3122,hanyeongmi@example.com
이수진,00367,경기도 예산군 언주308거리 661 (정남이동),현정박마을,016-542-9322,sanghyeongim@example.com
김은경,61474,울산광역시 남구 양재천거리 402,준서오빌라 503호,052-568-2996,idonghyeon@example.org
한영일,70890,울산광역시 성북구 개포50로 120 (수진최한동),미경서황타운,011-347-2817,subin24@example.com
장현준,86406,전라북도 강릉시 석촌호수92가 843-88 (중수서이면),서준김오빌라 233호,02-3762-5326,caeweongim@example.com
김서연,93335,광주광역시 금천구 압구정거리 236-92,서연양아파트,044-753-3696,gimyeongjin@example.net
김종수,76620,경상남도 청주시 서원구 오금가 14,수민박허타워,018-604-4306,baeboram@example.org
김예은,30679,경기도 서천군 개포1거리 지하167,진호김타워 R동 557호,063-778-0251,iseojun@example.com
전상철,17398,서울특별시 강서구 삼성579길 559-10 (지원이동),서연이이타운,041-501-5220,mi@example.net
이지후,61698,경상남도 연천군 압구정9길 390-28 (서연유동),상훈이이마을 648호,010-7268-9119,sujin67@example.net
박민수,50071,울산광역시 송파구 잠실길 478 (민재류이마을),아름정빌라 313호,033-608-5274,yeeun27@example.com
김지민,03425,부산광역시 송파구 역삼로 322-10,지혜백아파트 300호,064-782-8082,jihunheo@example.org
장지원,35043,전라북도 동해시 봉은사4길 지하393,현우박윤마을 492호,018-269-5355,yeweongim@example.net
김우진,89769,광주광역시 양천구 영동대867로 723 (지연김문마을),명자최빌라 024호,033-009-1575,gimyunseo@example.net
배도윤,50075,전라북도 서산시 서초대길 204,수빈고장빌라,055-929-6822,suminbag@example.net
홍도윤,00684,서울특별시 서대문구 서초중앙거리 192 (은지김김마을),정호최타운,070-8864-3656,kjang@example.org
김영자,06935,전라북도 속초시 잠실로 290-58,지원서이빌라 559호,063-939-3475,eunji98@example.com
박옥자,08455,충청남도 홍성군 강남대0가 835-94 (영희박김면),동현손연립,063-861-9812,gimgyeonghyi@example.com
김예진,82538,강원도 성남시 삼성32가 452-60,상현김빌라,032-386-9185,zgim@example.net
황성호,23131,전라남도 음성군 학동거리 지하244 (영진박동),현주나타운 S동 195호,016-685-5690,jiyeon13@example.org
서현우,20300,대전광역시 동구 반포대01길 767-15 (시우오이리),성수윤타워,010-1869-2665,seungmin19@example.com
김정자,78623,대구광역시 노원구 언주가 331-85,영미한박아파트 I동 707호,016-078-7120,sgim@example.org
이영수,55006,제주특별자치도 영동군 선릉거리 307-7 (정훈성이읍),미정송류타운 374호,054-271-1730,yeongsu10@example.net
최주원,89760,울산광역시 강서구 압구정6가 62-93,지훈최박마을 747호,011-901-0222,yejun06@example.net
이상호,33638,제주특별자치도 용인시 압구정023거리 482-50,상호오빌라 가동 153호,054-514-4344,baeyeongsu@example.com
김성수,96366,부산광역시 강서구 서초중앙72거리 582 (지혜홍배면),순자박이빌라 D동 137호,063-022-6462,miyeong08@example.net
홍영일,00560,광주광역시 강북구 영동대42거리 984-82 (지아이읍),건우신장연립,02-1321-3702,gimhyeonju@example.org
전민수,83369,세종특별자치시 관악구 선릉8길 186 (수진강리),영호박빌라 582호,044-071-5036,xi@example.com
이경희,95211,제주특별자치도 안양시 동안구 백제고분61길 123 (도윤류남읍),보람우박타운 O동 348호,052-755-0567,yeongjagim@example.net
권준호,74931,울산광역시 구로구 학동6로 112-40 (순옥황서리),경희진연립,02-0898-4702,coesangho@example.org
홍예원,80901,부산광역시 서대문구 압구정길 851 (은경신황리),민준최하마을,032-485-3448,fjang@example.org
안지영,68478,인천광역시 동구 양재천0거리 532-44,수진문마을 V동 322호,031-628-4449,json@example.org
오하은,01977,경상북도 성남시 수정구 도산대거리 634-7 (성수노이읍),서윤김연립 476호,018-731-5467,junyeonggim@example.com
이지연,54195,서울특별시 동구 양재천길 269 (종수류읍),민지김박마을,042-828-9160,sgim@example.org
이은경,36573,충청남도 홍성군 역삼길 761,채원최빌라,063-964-1886,hyeonjui@example.org
정혜진,36172,경상남도 부천시 소사구 가락가 487-65,서현김아파트 316호,019-943-4375,wjang@example.net
서지민,42158,광주광역시 노원구 역삼로 166 (민서김읍),영길최김타운 Q동 922호,061-483-3554,seohyeonan@example.net
송영자,62768,대구광역시 성북구 영동대76길 648,승민황이타워 X동 886호,055-688-6253,baegyeji@example.net
이영길,65346,대구광역시 북구 개포거리 531 (상철최면),영희김이아파트 085호,031-507-8200,jeongsug97@example.com
이서준,59070,부산광역시 마포구 서초중앙1가 537 (선영한이읍),순자김차타워 340호,019-106-3531,gimhyejin@example.com
백영호,36934,서울특별시 남구 언주57가 336 (민서차심읍),영숙하연립 792호,010-2288-0720,ijeongnam@example.com
김지혜,83084,경상남도 성남시 중원구 봉은사거리 지하755,옥순백김타워 940호,033-156-6429,hyeonjeonggim@example.org
이재호,86580,충청남도 고양시 강남대809거리 995-25,은지김김아파트 Y동 764호,042-052-6672,jinu31@example.org
이건우,58932,광주광역시 은평구 선릉05거리 930-38,혜진김타운 399호,010-9881-8848,icoe@example.org
양윤서,72940,세종특별자치시 동작구 양재천1로 361-99,진호김손타워 F동 881호,032-854-8283,ganghyeonjeong@example.org
김서준,15381,경상남도 이천시 서초중앙75길 310-49 (정훈한김마을),영진박연립 U동 953호,043-152-7386,sunog66@example.org
박서준,63367,광주광역시 은평구 봉은사길 지하373,준혁최권타워 410호,032-603-3977,zi@example.org
김민재,73433,제주특별자치도 음성군 석촌호수거리 37,영숙황타워 A동 380호,044-283-2485,yuncaeweon@example.com
